Stock##,VIN,Make,Model,Color,RtlPri,AskPri,ItnPri,YR,Mileag,O,N,D,Transmissi,Entry Da,Cost
111,WDCYC7BF3BX190255,MERCEDES-BENZ,G55,BLACK,0.00,0.00,0.00,2011,18234,,U,,,05/23/14,"94,250.00"
112,55SWF4KB1FU091383,MERCEDES-BENZ,C300W4,,"51,590.00","51,590.00",0.00,2015,10,,N,,,07/17/15,185.00
113,11111111111111111,MERCEDES-BENZ,CLA250C4,,0.00,0.00,0.00,2015,22,,U,,Automatic,08/10/15,750.00
VPC,VPC12312312312312,MERCEDES-BENZ,S500V4,,0.00,0.00,0.00,2012,10,,N,,,06/05/12,0.00
1111,4JGDF6EE8GA622370,MERCEDES-BENZ,GL450W4,,0.00,0.00,0.00,2016,10,,N,,,06/27/15,815.00
1112,WDCTG4GBXFJ135197,MERCEDES-BENZ,GLA250W4,,0.00,0.00,0.00,2015,10,,N,,,07/09/15,0.00
1212,11111111111111111,MERCEDES-BENZ,300W4,,"48,468.00","48,468.00",0.00,2020,10,,N,,,03/10/15,"40,400.00"
8000,WDBUF82J44X120268,MERCEDES-BENZ,E320W4,,0.00,0.00,0.00,2004,50,,U,,,07/18/15,"4,250.00"
8584,4JGBF71E07A191798,MERCEDES-BENZ,GL450,GRY,0.00,0.00,0.00,2007,54967,,U,,Automatic,10/24/14,"16,250.00"
8716,4JGBF7BE7BA629952,MERCEDES-BENZ,GL450,,0.00,0.00,0.00,2011,25000,,U,,Automatic,10/28/14,"31,750.00"
SWAP,11111111111111111,MERCEDES-BENZ,E550A,,0.00,0.00,0.00,2013,10,,N,,,07/30/12,0.00
TEST,22222222222222222,MERCEDES-BENZ,190,,0.00,0.00,0.00,2002,101961,,U,,,07/30/12,750.00
11234,11111111111111111,MERCEDES-BENZ,GLK350W4,,0.00,0.00,0.00,2015,10,,N,,,07/28/15,0.00
22222,33333333333333333,MB SPRINTER,"2500 CARGO 170""",,0.00,0.00,0.00,2015,10,,U,,,08/07/15,750.00
E550A,22222222222222222,MERCEDES-BENZ,,,"74,065.00","74,065.00",0.00,2013,10,,N,,,03/15/13,"68,900.00"
GL450,22222222222222222,MERCEDES-BENZ,,,"72,835.00","72,835.00",0.00,2013,10,,N,,,03/19/13,"67,200.00"
ML350,4JGDA5HB3DA208810,MERCEDES-BENZ,ML350W4,,0.00,0.00,0.00,2013,10,,N,,Automatic,04/02/13,871.00
U0001,WDDNG86X78A184658,MERCEDES-BENZ,S550V4,,0.00,0.00,0.00,2008,38002,,U,,,09/11/15,"22,750.00"
U0002,WDBWK5EA9BF239046,MERCEDES-BENZ,SLK300,,0.00,0.00,0.00,2011,30650,,U,,,09/11/15,"22,750.00"
U5007,WDBEA36E4PB885971,MERCEDES-BENZ,E500W,BK,0.00,0.00,0.00,1993,2,,U,,,10/01/14,"3,750.00"
U5983,WDBUF87X29B421672,MERCEDES-BENZ,E350W4,WHT,"32,499.00","32,499.00",0.00,2009,30222,,U,,Automatic,01/05/12,"31,356.00"
U7829,WDCGG8HBXAF322961,MERCEDES-BENZ,GLK350W4,OBSIDIAN BLACK,0.00,0.00,0.00,2010,29305,,U,,,12/26/13,"19,250.00"
U7913,4JGBF7BE4CA781818,MERCEDES-BENZ,GL450,,0.00,0.00,0.00,2012,16351,,N,,Automatic,02/04/14,"43,959.00"
U8310,4JGAB72E31A228923,MERCEDES-BENZ,ML350,GREY TEX,0.00,0.00,0.00,2001,84820,,U,,,06/20/14,"3,350.00"
U8362,WDDNG9EB0CA471151,MERCEDES-BENZ,S550V4,BK,0.00,0.00,0.00,2012,22490,,U,,Automatic,07/07/14,"49,635.00"
U9250,WDDGF8AB6DR284897,MERCEDES-BENZ,C300W4,WHT,0.00,0.00,0.00,2013,14150,,U,,,04/24/15,"28,287.00"
U9292,WDDHF8HB3BA360002,MERCEDES-BENZ,E350W4,SILVER,0.00,0.00,0.00,2011,24281,,U,,Automatic,05/11/15,"19,750.00"
U9329,WDDGF8AB1DR267215,MERCEDES-BENZ,C300W4,,0.00,0.00,0.00,2013,32028,,U,,,05/22/15,"25,698.00"
U9337,WD2YD442X35542903,DODGE TRUCK,SPRINTER,WHITE,0.00,0.00,0.00,2003,134959,,U,,,06/30/15,"1,250.00"
U9341,WDDGF8AB4DR261733,MERCEDES-BENZ,C300W4,BLACK,0.00,0.00,0.00,2013,27525,,U,,,05/27/15,"28,034.00"
U9392,WDDGF8AB2DR286291,MERCEDES-BENZ,C300W4,BK,0.00,0.00,0.00,2013,33428,,U,,,06/16/15,"25,917.00"
U9396,WDDHF8JB7DA726797,MERCEDES-BENZ,E350W4,BK,0.00,0.00,0.00,2013,24858,,U,,,06/17/15,"32,786.00"
U9422,WD3PE7CC6A5432783,MERCEDES-BENZ,2500 CARGO 144,,0.00,0.00,0.00,2010,64055,,U,,,06/25/15,"13,750.00"
U9450,WDDGF8AB4DG136937,MERCEDES-BENZ,C300W4,BK,0.00,0.00,0.00,2013,17840,,U,,,07/08/15,"27,858.00"
U9451,WDDGF8AB6DR275343,MERCEDES-BENZ,C300W4,,0.00,0.00,0.00,2013,33652,,U,,,07/08/15,"26,171.00"
U9454,4JGDF7CE1EA342926,MERCEDES-BENZ,GL450,,0.00,0.00,0.00,2014,10,,U,,,07/08/15,"51,265.00"
U9501,WDDGF8AB6DA882695,MERCEDES-BENZ,C300W4,WHT,0.00,0.00,0.00,2013,26024,,U,,,08/04/15,"26,441.00"
U9507,WDDGF8AB2DG123135,MERCEDES-BENZ,C300W4,BK,0.00,0.00,0.00,2013,25556,,U,,,08/04/15,"23,676.00"
U9519,WDDGJ7HB3EG185904,MERCEDES-BENZ,C63C,BLACK,0.00,0.00,0.00,2014,8129,,U,,Automatic,08/10/15,"51,423.00"
U9526,WDDGF8AB0DR267853,MERCEDES-BENZ,C300W4,WHT,0.00,0.00,0.00,2013,20827,,U,,,08/14/15,"26,874.00"
U9530,WDDGF8AB8EG234564,MERCEDES-BENZ,C300W4,,0.00,0.00,0.00,2014,18754,,U,,,08/18/15,"30,295.00"
U9531,WDDGF8AB1DR293023,MERCEDES-BENZ,C300W4,,0.00,0.00,0.00,2013,24538,,U,,,08/18/15,"26,264.00"
U9538,WDDGF8AB0DR301077,MERCEDES-BENZ,C300W4,WHT,0.00,0.00,0.00,2013,16387,,U,,,08/24/15,"27,871.00"
U9543,WDDHF8JB9EA847915,MERCEDES-BENZ,E350W4,SIL,0.00,0.00,0.00,2014,24029,,U,,,08/24/15,"43,106.00"
U9545,WDDGF8AB4DG155293,MERCEDES-BENZ,C300W4,BK,0.00,0.00,0.00,2013,33427,,U,,,08/24/15,"25,181.00"
U9557,WDDGF8BB1CR200045,MERCEDES-BENZ,C300W4,BLACK,0.00,0.00,0.00,2012,20120,,U,,Automatic,08/25/15,"21,748.00"
U9560,WDDHF8JB0EA939527,MERCEDES-BENZ,E350W4,WHT,0.00,0.00,0.00,2014,17432,,U,,,08/27/15,"43,572.00"
U9562,WDDGF8ABXER308099,MERCEDES-BENZ,C300W4,WHT,"28,800.00","28,800.00",0.00,2014,31420,,U,,,08/27/15,"27,809.00"
U9564,WDDGF8AB0DR287455,MERCEDES-BENZ,C300W4,WHT,0.00,0.00,0.00,2013,11410,,U,,,08/27/15,"27,660.00"
U9568,WDDGJ4HB3DG046241,MERCEDES-BENZ,C250C,BK,0.00,0.00,0.00,2013,15263,,U,,Automatic,08/27/15,"25,258.00"
U9591,WDDGF8AB2DR288123,MERCEDES-BENZ,C300W4,BK,0.00,0.00,0.00,2013,20777,,U,,,09/03/15,"26,311.00"
U9592,WDDHF8JB2EA900079,MERCEDES-BENZ,E350W4,WHT,0.00,0.00,0.00,2014,16956,,U,,,09/03/15,"41,958.00"
U9594,WDDGF8AB6DR276850,MERCEDES-BENZ,C300W4,WHT,0.00,0.00,0.00,2013,13038,,U,,,09/03/15,"27,378.00"
U9595,WDDGF8AB7ER309064,MERCEDES-BENZ,C300W4,WHT,0.00,0.00,0.00,2014,11946,,U,,,09/03/15,"28,667.00"
U9596,WDDGF8AB3DG113293,MERCEDES-BENZ,C300W4,WHT,0.00,0.00,0.00,2013,15534,,U,,,09/03/15,"24,810.00"
U9597,4JGDA5HB3DA229897,MERCEDES-BENZ,ML350W4,BK,0.00,0.00,0.00,2013,24924,,U,,Automatic,09/03/15,"37,593.00"
U9598,WDDGF8AB6DA832704,MERCEDES-BENZ,C300W4,BK,0.00,0.00,0.00,2013,33380,,U,,,09/03/15,"24,856.00"
U9602,WDCGG8JB1EG223780,MERCEDES-BENZ,GLK350W4,BK,0.00,0.00,0.00,2014,28236,,U,,,09/03/15,"34,680.00"
U9603,WDDGF8AB3DR294691,MERCEDES-BENZ,C300W4,WHT,0.00,0.00,0.00,2013,14146,,U,,,09/03/15,"26,198.00"
U9604,WDDGF8AB4DR291931,MERCEDES-BENZ,C300W4,WHT,0.00,0.00,0.00,2013,16113,,U,,,09/03/15,"28,741.00"
U9605,WDDHF8JB7EA887734,MERCEDES-BENZ,E350W4,SIL,0.00,0.00,0.00,2014,22367,,U,,,09/03/15,"40,814.00"
U9606,WDDGF8AB4DR288821,MERCEDES-BENZ,C300W4,WHT,0.00,0.00,0.00,2013,20561,,U,,,09/03/15,"27,173.00"
U9607,WDDHF8JB8EA956527,MERCEDES-BENZ,E350W4,BK,0.00,0.00,0.00,2014,14544,,U,,,09/03/15,"43,436.00"
U9608,WDDLJ9BB5CA055786,MERCEDES-BENZ,CLS550C4,BK,0.00,0.00,0.00,2012,25972,,U,,,09/03/15,"44,509.00"
U9610,WDDNG9EB3DA536799,MERCEDES-BENZ,S550V4,BK,0.00,0.00,0.00,2013,28586,,U,,Automatic,09/03/15,"54,094.00"
U9617,WDDGF8BB7CR192372,MERCEDES-BENZ,C300W4,WHT,0.00,0.00,0.00,2012,15900,,U,,Automatic,09/09/15,"25,096.00"
U9618,WDDGF8AB7DR289557,MERCEDES-BENZ,C300W4,WHT,0.00,0.00,0.00,2013,29555,,U,,,09/09/15,"25,671.00"
U9619,WDDGF8AB2DG140565,MERCEDES-BENZ,C300W4,BK,0.00,0.00,0.00,2013,21368,,U,,,09/09/15,"25,763.00"
U9620,WDDGF8AB9DR284831,MERCEDES-BENZ,C300W4,BK,0.00,0.00,0.00,2013,19520,,U,,,09/09/15,"26,196.00"
U9627,WDDUG8CB1EA008043,MERCEDES-BENZ,S550V,BK,0.00,0.00,0.00,2014,9228,,U,,,09/09/15,"65,629.00"
U9631,4JGDA5HB8CA054173,MERCEDES-BENZ,ML350W4,BK,0.00,0.00,0.00,2012,30799,,U,,Automatic,09/10/15,"37,370.00"
U9632,WDDGF8ABXEG249681,MERCEDES-BENZ,C300W4,BK,0.00,0.00,0.00,2014,21926,,U,,,09/10/15,"28,388.00"
U9633,55SWF4KB1FU005621,MERCEDES-BENZ,C300W4,BK,0.00,0.00,0.00,2015,18491,,U,,,09/10/15,"33,614.00"
U9644,4T1BE32K23U755573,TOYOTA,CAMRY,GREY,0.00,0.00,0.00,2003,212000,,U,,Automatic,09/16/15,850.00
U9646,WDDHF8JB3DA673239,MERCEDES-BENZ,E350W4,WHT,0.00,0.00,0.00,2013,17866,,U,,,09/18/15,"33,066.00"
U9647,WDDGF8AB9DR296669,MERCEDES-BENZ,C300W4,BK,0.00,0.00,0.00,2013,30073,,U,,,09/18/15,"24,144.00"
U9650,WDDGF8AB6DR301570,MERCEDES-BENZ,C300W4,BK,0.00,0.00,0.00,2013,18273,,U,,,09/18/15,"25,225.00"
U9651,WDCGG8JB5DG017005,MERCEDES-BENZ,GLK350W4,WHT,0.00,0.00,0.00,2013,26130,,U,,,09/18/15,"27,796.00"
U9653,4JGDF7CE3DA127434,MERCEDES-BENZ,GL450,WHT,0.00,0.00,0.00,2013,22716,,U,,,09/18/15,"49,932.00"
U9657,2G61W5S38D9130839,CADILLAC,XTS,,0.00,0.00,0.00,2013,110000,,U,,Automatic,09/18/15,"7,750.00"
U9665,WDDGF8AB7ER307959,MERCEDES-BENZ,C300W4,BL,0.00,0.00,0.00,2014,8661,,U,,,09/22/15,"28,862.00"
U9666,WDDHF8JB0EA932478,MERCEDES-BENZ,E350W4,WHT,0.00,0.00,0.00,2014,11241,,U,,,09/22/15,"42,557.00"
U9668,WDCGG8JB0DG087172,MERCEDES-BENZ,GLK350W4,SIL,0.00,0.00,0.00,2013,22532,,U,,,09/22/15,"28,963.00"
U9682,WDDNG9EB6CA453365,MERCEDES-BENZ,S550V4,WHT,0.00,0.00,0.00,2012,42517,,U,,Automatic,09/28/15,"3,419.00"
U9688,5UXZV4C51BL407735,BMW,X5,,0.00,0.00,0.00,2011,62165,,U,,Automatic,09/28/15,"23,750.00"
U9718,WDDUG8FB7FA075081,MERCEDES-BENZ,S550V4,BLACK,0.00,0.00,0.00,2015,10,,U,,,10/09/15,"83,750.00"
U9721,4JGDA5HB5DA247513,MERCEDES-BENZ,ML350W4,BLACK,0.00,0.00,0.00,2013,27555,,U,,Automatic,10/08/15,"39,185.00"
U9722,WDDHF8JB8EA955636,MERCEDES-BENZ,E350W4,BLACK,0.00,0.00,0.00,2014,22635,,U,,,10/08/15,"37,457.00"
U9723,4JGDA5HB4DA249978,MERCEDES-BENZ,ML350W4,BLACK,0.00,0.00,0.00,2013,39887,,U,,Automatic,10/08/15,"34,477.00"
U9724,4JGDA5HB8EA276425,MERCEDES-BENZ,ML350W4,SILVER,0.00,0.00,0.00,2014,27847,,U,,Automatic,10/08/15,"37,960.00"
U9725,WDDGF8AB9EG203257,MERCEDES-BENZ,C300W4,BLACK,0.00,0.00,0.00,2014,14421,,U,,,10/08/15,"26,187.00"
U9726,WDDHF8JB0EA833689,MERCEDES-BENZ,E350W4,WHITE,0.00,0.00,0.00,2014,17534,,U,,,10/08/15,"38,493.00"
U9727,WDCGG8JB3EG162495,MERCEDES-BENZ,GLK350W4,SILVER,0.00,0.00,0.00,2014,31570,,U,,,10/08/15,"34,311.00"
U9728,4JGDA5HB2DA135610,MERCEDES-BENZ,ML350W4,SILVER,0.00,0.00,0.00,2013,16031,,U,,Automatic,10/08/15,"37,071.00"
U9729,WDDGF8AB4EG190840,MERCEDES-BENZ,C300W4,DOLOMITE BROWN,0.00,0.00,0.00,2014,15015,,U,,,10/08/15,"26,791.00"
U9730,WDDGF8AB7DR295214,MERCEDES-BENZ,C300W4,GREY,0.00,0.00,0.00,2013,18563,,U,,,10/08/15,"26,196.00"
U9731,WDDHF8JB7EA916553,MERCEDES-BENZ,E350W4,BLACK,0.00,0.00,0.00,2014,18779,,U,,,10/08/15,"37,867.00"
U9732,4JGDF7CEXDA263060,MERCEDES-BENZ,GL450,LUNAR BLUE,0.00,0.00,0.00,2013,6917,,U,,,10/08/15,"50,613.00"
U9733,4JGDA5HB0DA183283,MERCEDES-BENZ,ML350W4,BLACK,0.00,0.00,0.00,2013,12669,,U,,Automatic,10/08/15,"35,838.00"
U9734,4JGDF7CE1DA188197,MERCEDES-BENZ,GL450,SIL,0.00,0.00,0.00,2013,35204,,U,,,10/08/15,"45,456.00"
U9735,WDDHF8JB1EA867799,MERCEDES-BENZ,E350W4,,0.00,0.00,0.00,2014,11395,,U,,,10/08/15,"40,650.00"
U9737,WDDHF8JB5CA634215,MERCEDES-BENZ,E350W4,WHT,0.00,0.00,0.00,2012,37152,,U,,,10/13/15,"26,538.00"
U9738,WDCGG0EB7EG214335,MERCEDES-BENZ,GLK250BT,BK,0.00,0.00,0.00,2014,13713,,U,,,10/13/15,"34,488.00"
U9740,WDDGF8AB4DR299849,MERCEDES-BENZ,C300W4,SIL,0.00,0.00,0.00,2013,12890,,U,,,10/13/15,"26,201.00"
U9741,4JGBB75E46A036174,MERCEDES-BENZ,ML500,BLACK,0.00,0.00,0.00,2006,104859,,U,,Automatic,10/09/15,"7,750.00"
U9742,1GKKVTED9CJ151977,GMC,ACADIA,WHITE,0.00,0.00,0.00,2012,108891,,U,,Automatic,10/10/15,"16,750.00"
U9743,4JGDF7CE7EA343126,MERCEDES-BENZ,GL450,GREY,0.00,0.00,0.00,2014,19376,,U,,Automatic,10/12/15,"45,750.00"
U9744,WDDNG86X58A222873,MERCEDES-BENZ,S550V4,BLACK,0.00,0.00,0.00,2008,25652,,U,,Automatic,10/12/15,"22,750.00"
U9745,WBANF73587CU24889,BMW,530XI,BLACK,0.00,0.00,0.00,2007,88968,,U,,Automatic,10/12/15,"5,250.00"
U9746,WDDUG8FB8EA022582,MERCEDES-BENZ,S550V4,BLACK,0.00,0.00,0.00,2014,35368,,U,,,10/13/15,"64,250.00"
U9747,WDDGF8AB1DA881177,MERCEDES-BENZ,C300W4,,0.00,0.00,0.00,2013,3781,,U,,,10/13/15,"26,315.00"
U9748,WDDNG86X68A190449,MERCEDES-BENZ,S550V4,BLACK,0.00,0.00,0.00,2008,97461,,U,,Automatic,10/13/15,"11,750.00"
U9750,4JGDA5HB6EA278593,MERCEDES-BENZ,ML350W4,BK,0.00,0.00,0.00,2014,15269,,U,,Automatic,10/16/15,"40,838.00"
U9751,WDDGF8AB1DA838619,MERCEDES-BENZ,C300W4,SIL,0.00,0.00,0.00,2013,15221,,U,,,10/16/15,"24,822.00"
U9752,4JGDF7DE2DA099852,MERCEDES-BENZ,GL550,BK,0.00,0.00,0.00,2013,24007,,U,,,10/20/15,"61,136.00"
U9753,4JGDA5HB6EA357262,MERCEDES-BENZ,ML350W4,WHT,0.00,0.00,0.00,2014,21126,,U,,Automatic,10/20/15,"37,332.00"
U9755,1FAHP33N78W279517,FORD,FOCUS SDN,LIGHT BLUE,0.00,0.00,0.00,2008,71124,,U,,,10/16/15,"3,250.00"
U9756,4JGDA5HB6CA001844,MERCEDES-BENZ,ML350W4,BLACK,0.00,0.00,0.00,2012,80615,,U,,Automatic,10/16/15,"17,750.00"
U9758,4JGBB86E79A500308,MERCEDES-BENZ,ML350W4,BLACK,0.00,0.00,0.00,2009,90500,,U,,Automatic,10/17/15,"13,750.00"
U9759,WDCYC7DF3DX213792,MERCEDES-BENZ,G63,BK,0.00,0.00,0.00,2013,32483,,U,,,10/19/15,"102,913.00"
U9761,1HGCM56176A109042,HONDA,ACCORD SDN,GREY,0.00,0.00,0.00,2006,136923,,U,,,10/19/15,"1,250.00"
U9763,4JGDA5HB5EA320882,MERCEDES-BENZ,ML350W4,BK,0.00,0.00,0.00,2014,22265,,U,,Automatic,10/20/15,"41,865.00"
U9764,4JGDA5HB7CA004672,MERCEDES-BENZ,ML350W4,WHITE,0.00,0.00,0.00,2012,55281,,U,,Automatic,10/20/15,"25,500.00"
U9765,WDDNG86XX8A190342,MERCEDES-BENZ,S550V4,WHITE,0.00,0.00,0.00,2008,98780,,U,,Automatic,10/21/15,"12,750.00"
U9768,4JGDF7DE2DA141095,MERCEDES-BENZ,GL550,,0.00,0.00,0.00,2013,21654,,U,,,10/22/15,"55,503.00"
U9770,WDDNG86X98A166890,MERCEDES-BENZ,S550V4,GREY,0.00,0.00,0.00,2008,86804,,U,,Automatic,10/22/15,"12,750.00"
U9771,4JGDF2EE2DA147481,MERCEDES-BENZ,GL350BTC,BLACK,0.00,0.00,0.00,2013,38432,,U,,,10/23/15,"46,250.00"
U9772,4JGBF71E68A303618,MERCEDES-BENZ,GL450,GREY,0.00,0.00,0.00,2008,99764,,U,,Automatic,10/23/15,"6,750.00"
U9773,WDDGF8AB1EA936969,MERCEDES-BENZ,C300W4,WHT,0.00,0.00,0.00,2014,19902,,U,,,10/27/15,"26,037.00"
U9774,4JGDA5HB7DA240918,MERCEDES-BENZ,ML350W4,BK,0.00,0.00,0.00,2013,26326,,U,,Automatic,10/27/15,"35,355.00"
U9775,4JGDF7CE0EA302336,MERCEDES-BENZ,GL450,WHT,0.00,0.00,0.00,2014,25026,,U,,,10/27/15,"52,004.00"
U9776,WAUDH74F68N100312,AUDI,A6 SDN,,0.00,0.00,0.00,2008,87564,,U,,Automatic,10/27/15,"8,750.00"
111111,11111111111111111,MERCEDES-BENZ,S550V4,,0.00,0.00,0.00,2015,10,,N,,,06/26/15,0.00
111112,22222222222222222,MERCEDES-BENZ,C300W4,,0.00,0.00,0.00,2015,10,,N,,,08/07/15,0.00
111213,11111111111111111,MERCEDES-BENZ,GL450W4,,0.00,0.00,0.00,2015,10,,N,,,08/07/15,0.00
112211,WDDNG8GB5BA371536,MERCEDES-BENZ,S500V4,BLACK,0.00,0.00,0.00,2011,86300,,U,,,11/25/14,"23,750.00"
120688,WDDGF8BB0CR204717,MERCEDES-BENZ,C300W4,WH,"42,650.00","42,650.00",0.00,2012,16,,N,,Automatic,12/01/11,"40,491.00"
120909,WDDNG9EB9CA459337,MERCEDES-BENZ,S550V4,BK,"108,715.00","108,715.00",0.00,2012,16,,N,,Automatic,01/16/12,"97,411.00"
120940,WDDNG9EB3CA455218,MERCEDES-BENZ,S550V4,SIL,"111,185.00","111,185.00",0.00,2012,15,,N,,Automatic,01/20/12,"104,255.00"
120971,WDDHF8JB2CA536713,MERCEDES-BENZ,E350W4,WHT,"63,515.00","63,515.00",0.00,2012,10,,N,,,01/24/12,"53,255.00"
120993,WDDHF8JB5CA572153,MERCEDES-BENZ,E350W4,BL,"58,925.00","58,925.00",0.00,2012,10,,N,,,01/31/12,"53,377.00"
121098,WDDHF8JB3CA599738,MERCEDES-BENZ,E350W4,BK,"59,525.00","59,525.00",0.00,2012,10,,N,,Automatic,02/28/12,"56,832.00"
121106,WDDHF8JB7CA596955,MERCEDES-BENZ,E350W4,BK,"60,145.00","60,145.00",0.00,2012,10,,N,,Automatic,02/29/12,"57,394.00"
121107,WDDNG9EB5CA469332,MERCEDES-BENZ,S550V4,WHT,"111,780.00","111,780.00",0.00,2012,10,,N,,Automatic,02/29/12,"104,858.00"
121247,WDDGF8BB4CF875809,MERCEDES-BENZ,C300W4,IRIDIUM SILVER,"45,530.00","45,530.00",0.00,2012,10,,U,,Automatic,03/26/12,"2,321.00"
121320,WDDGF8BB4CF879438,MERCEDES-BENZ,C300W4,PALLADIUM SILVER,"42,740.00","42,740.00",0.00,2012,10,,U,,Automatic,04/04/12,"4,274.00"
121333,WDDGF8BB8CF880561,MERCEDES-BENZ,C300W4,ARCTIC WHITE,"39,970.00","39,970.00",0.00,2012,10,,U,,Automatic,04/06/12,"3,208.00"
121512,WDDGF8BB2CA723069,MERCEDES-BENZ,C300W4,ARCTIC WHITE,"40,430.00","40,430.00",0.00,2012,10,,U,,Automatic,05/07/12,"2,268.00"
121589,WDDGF8BB4CR229040,MERCEDES-BENZ,C300W4,BLACK,"44,510.00","44,510.00",0.00,2012,10,,U,,Automatic,05/21/12,"1,225.00"
12815T,4JGBF71E27A145549,MERCEDES-BENZ,GL450,775/101,"59,325.00","59,325.00",0.00,2007,39896,,N,,Automatic,03/01/12,0.00
130338,WDDGF8AB1DR251211,MERCEDES-BENZ,C300W4,POLAR WHITE,"43,780.00","43,780.00",0.00,2013,6000,,N,,,09/27/12,"41,574.00"
130952,WDDGF8AB0DA817955,MERCEDES-BENZ,C300W4,DIAMOND SILVER,"44,500.00","44,500.00",0.00,2013,7202,,N,,,12/28/12,"40,983.00"
131089,WDDGF8AB8DA826211,MERCEDES-BENZ,C300W4,POLAR WHITE,"45,470.00","45,470.00",0.00,2013,8900,,N,,,01/17/13,"42,729.00"
131111,WDDGF8AB4DR271310,MERCEDES-BENZ,C300W4,BLACK,"41,890.00","41,890.00",0.00,2013,5669,,N,,,01/24/13,"39,097.00"
131114,WDDGF8AB6DR273057,MERCEDES-BENZ,C300W4,BLACK,"43,780.00","43,780.00",0.00,2013,8500,,N,,,01/24/13,"40,909.00"
131119,WDDGF8AB8DR273609,MERCEDES-BENZ,C300W4,DIAMOND SILVER,"44,500.00","44,500.00",0.00,2013,8000,,N,,,01/24/13,"41,615.00"
131127,WDDGF8AB1DR271281,MERCEDES-BENZ,C300W4,POLAR WHITE,"45,770.00","45,770.00",0.00,2013,8000,,N,,,01/24/13,"42,795.00"
131128,WDDGF8AB9DR273585,MERCEDES-BENZ,C300W4,BLACK,"43,780.00","43,780.00",0.00,2013,8891,,N,,,01/24/13,"40,100.00"
131138,WDDGF8AB1DR271300,MERCEDES-BENZ,C300W4,POLAR WHITE,"43,780.00","43,780.00",0.00,2013,8216,,N,,,01/28/13,"41,578.00"
131140,WDDGF8AB0DR273670,MERCEDES-BENZ,C300W4,BLACK,"43,780.00","43,780.00",0.00,2013,4300,,N,,,01/28/13,"41,884.00"
131259,WDDGF8ABXDA837808,MERCEDES-BENZ,C300W4,IRIDIUM SILVER,"44,175.00","44,175.00",0.00,2013,8900,,N,,,02/21/13,"41,869.00"
131335,WDDGF8AB0DG084948,MERCEDES-BENZ,C300W4,DIAMOND SILVER,"44,500.00","44,500.00",0.00,2013,10,,N,,,03/05/13,"41,497.00"
131376,WDDGF8AB0DR276777,MERCEDES-BENZ,C300W4,STEEL GREY,"44,500.00","44,500.00",0.00,2013,10,,N,,,03/08/13,"40,529.00"
131378,WDDGF8AB3DR276661,MERCEDES-BENZ,C300W4,POLAR WHITE,"44,820.00","44,820.00",0.00,2013,10,,N,,,03/08/13,"41,390.00"
131410,WDDGF8AB9DR276258,MERCEDES-BENZ,C300W4,PALLADIUM SILVER,"44,500.00","44,500.00",0.00,2013,10,,N,,,03/13/13,"40,728.00"
131419,WDDGF8AB9DR274218,MERCEDES-BENZ,C300W4,POLAR WHITE,"44,130.00","44,130.00",0.00,2013,9311,,N,,,03/14/13,"40,272.00"
131434,WDDGF8AB5DR278508,MERCEDES-BENZ,C300W4,POLAR WHITE,"44,820.00","44,820.00",0.00,2013,8027,,N,,,03/19/13,"41,146.00"
131440,WDDGF8AB9DR278768,MERCEDES-BENZ,C300W4,BLACK,"44,820.00","44,820.00",0.00,2013,10,,N,,,03/19/13,"40,617.00"
131441,WDDGF8AB2DR279096,MERCEDES-BENZ,C300W4,BLACK,"44,820.00","44,820.00",0.00,2013,8500,,N,,,03/19/13,"40,871.00"
131468,WDDGF8ABXDR279282,MERCEDES-BENZ,C300W4,BLACK,"44,820.00","44,820.00",0.00,2013,9100,,N,,,03/25/13,"41,923.00"
131487,WDDGF8AB6DR278808,MERCEDES-BENZ,C300W4,BLACK,"44,820.00","44,820.00",0.00,2013,10,,N,,,03/26/13,"33,292.00"
131489,WDDGF8AB3DR278278,MERCEDES-BENZ,C300W4,BLACK,"44,820.00","44,820.00",0.00,2013,6512,,N,,,03/26/13,"40,923.00"
131496,WDDGF8AB2DR278627,MERCEDES-BENZ,C300W4,BLACK,"44,820.00","44,820.00",0.00,2013,10,,N,,,03/27/13,"34,383.00"
131497,WDDGF8AB2DR278787,MERCEDES-BENZ,C300W4,BLACK,"44,820.00","44,820.00",0.00,2013,5400,,N,,,03/27/13,909.00
131515,WDDGF8AB6DR278663,MERCEDES-BENZ,C300W4,BLACK,"44,820.00","44,820.00",0.00,2013,7990,,N,,,04/01/13,"41,446.00"
140005,WDDHF8JB4EA785923,MERCEDES-BENZ,E350W4,IRIDIUM SILVER,"63,320.00","63,320.00",0.00,2014,8000,,N,,,04/25/13,"57,228.00"
140019,WDDHF8JB0EA787992,MERCEDES-BENZ,E350W4,BLACK,"62,245.00","62,245.00",0.00,2014,4745,,N,,,04/30/13,"56,666.00"
140021,WDDHF8JB1EA782686,MERCEDES-BENZ,E350W4,BLACK,"62,600.00","62,600.00",0.00,2014,4490,,N,,,04/30/13,"56,506.00"
140105,WDDHF8JB4EA825708,MERCEDES-BENZ,E350W4,BLACK,"62,245.00","62,245.00",0.00,2014,8083,,N,,,06/25/13,"56,353.00"
140229,WDDHF8JB6EA862954,MERCEDES-BENZ,E350W4,PALLADIUM SILVER,"62,340.00","62,340.00",0.00,2014,3215,,N,,,08/09/13,"59,034.00"
140293,WDDGF8AB2ER305391,MERCEDES-BENZ,C300W4,BLACK,"41,860.00","41,860.00",0.00,2014,5891,,N,,,08/22/13,"37,287.00"
142542,WDDLJ9BB1EA127893,MERCEDES-BENZ,CLS550C4,DIAMOND WHITE,"85,665.00","85,665.00",0.00,2014,10,,N,,,07/01/14,"77,296.00"
142808,WDDLJ9BB8EA127387,MERCEDES-BENZ,CLS550C4,DIAMOND WHITE,"85,075.00","85,075.00",0.00,2014,10,,N,,,09/08/14,"70,949.00"
142916,WDDSJ4EBXEN079751,MERCEDES-BENZ,CLA250C,JUPITER RED,"38,690.00","38,690.00",0.00,2014,10,,N,,,11/28/14,"38,167.00"
150090,WDDUG8FB3FA092797,MERCEDES-BENZ,S550V4,PALLADIUM SILVER,"115,565.00","115,565.00",0.00,2015,10,,N,,,07/07/14,"103,120.00"
150123,WDDUG8FB9FA098233,MERCEDES-BENZ,S550V4,IRIDIUM SILVER,"111,365.00","111,365.00",0.00,2015,10,,N,,,07/22/14,"99,403.00"
150174,WDDUG8FBXFA104055,MERCEDES-BENZ,S550V4,PALLADIUM SILVER,"111,365.00","111,365.00",0.00,2015,10,,N,,,08/05/14,"99,403.00"
150184,WDDGJ4HB3FG361205,MERCEDES-BENZ,C250C,PALLADIUM SILVER,"45,155.00","45,155.00",0.00,2015,10,,N,,Automatic,08/05/14,"41,272.00"
150185,WDDGJ8JB4FG361960,MERCEDES-BENZ,C350C4,MARS RED,"50,785.00","50,785.00",0.00,2015,10,,N,,Automatic,08/05/14,"45,791.00"
150229,WDDJK7DA5FF030973,MERCEDES-BENZ,SL550,POLAR WHITE,"110,905.00","110,905.00",0.00,2015,15,,N,,,08/20/14,"99,738.00"
150557,WDDUG7JB0FA127569,MERCEDES-BENZ,S63V4,BLACK,"158,515.00","158,515.00",0.00,2015,10,,N,,,10/08/14,"141,208.00"
150677,WDDHF6HB1FB090286,MERCEDES-BENZ,E400W4,BLACK,"70,405.00","70,405.00",0.00,2015,10,,N,,,10/24/14,"58,123.00"
150730,WDDHF9HB0FB098168,MERCEDES-BENZ,E250BTC4,LUNAR BLUE,"61,515.00","61,515.00",0.00,2015,10,,N,,,10/28/14,"55,380.00"
150754,WDDHF6HB8FB094254,MERCEDES-BENZ,E400W4,POLAR WHITE,"69,555.00","69,555.00",0.00,2015,10,,N,,,10/30/14,"57,496.00"
150828,WDDHF9HB3FB102343,MERCEDES-BENZ,E250BTC4,POLAR WHITE,"61,405.00","61,405.00",0.00,2015,10,,N,,,11/10/14,"55,282.00"
150926,WDDHF9HB4FB107308,MERCEDES-BENZ,E250BTC4,BLACK,"60,795.00","60,795.00",0.00,2015,10,,N,,,11/14/14,"54,649.00"
151044,WDDUG8FB3FA140833,MERCEDES-BENZ,S550V4,IRIDIUM SILVER,"110,435.00","110,435.00",0.00,2015,10,,N,,,11/25/14,"98,580.00"
151148,WDDHF9HB7FB123759,MERCEDES-BENZ,E250BTC4,POLAR WHITE,"62,350.00","62,350.00",0.00,2015,10,,N,,,12/04/14,"56,023.00"
151149,WDDHF9HB9FB123844,MERCEDES-BENZ,E250BTC4,LUNAR BLUE,"63,070.00","63,070.00",0.00,2015,10,,N,,,12/04/14,"56,754.00"
151151,WDDUG8FB1FA145450,MERCEDES-BENZ,S550V4,IRIDIUM SILVER,"110,585.00","110,585.00",0.00,2015,10,,N,,,12/04/14,"98,713.00"
151161,WDDHH8JB2FB117835,MERCEDES-BENZ,E350S4,BLACK,"64,215.00","64,215.00",0.00,2015,10,,N,,Automatic,12/04/14,"58,044.00"
151193,WDDUG8FB6FA142740,MERCEDES-BENZ,S550V4,PALLADIUM SILVER,"111,015.00","111,015.00",0.00,2015,10,,N,,,12/10/14,"99,239.00"
151227,WDDUG8FB4FA124723,MERCEDES-BENZ,S550V4,IRIDIUM SILVER,"110,435.00","110,435.00",0.00,2015,10,,N,,,12/16/14,"98,580.00"
151349,WDDHF9HB7FB129092,MERCEDES-BENZ,E250BTC4,LUNAR BLUE,"62,390.00","62,390.00",0.00,2015,10,,N,,,12/29/14,"56,154.00"
151376,WDDUG8FB4FA149301,MERCEDES-BENZ,S550V4,PALLADIUM SILVER,"115,565.00","115,565.00",0.00,2015,10,,N,,,12/31/14,"103,120.00"
151383,WDDHF9HB5FB127986,MERCEDES-BENZ,E250BTC4,POLAR WHITE,"59,605.00","59,605.00",0.00,2015,10,,N,,,12/31/14,"53,836.00"
151454,WDDHF6HB7FB141614,MERCEDES-BENZ,E400W4,POLAR WHITE,"70,305.00","70,305.00",0.00,2015,10,,N,,,01/13/15,"58,159.00"
151459,WDDUG7GB8FA073476,MERCEDES-BENZ,S600V,EMERALD GREEN,"189,795.00","189,795.00",0.00,2015,10,,N,,,01/13/15,"169,010.00"
151500,WDDUG8FBXFA156236,MERCEDES-BENZ,S550V4,PALLADIUM SILVER,"118,165.00","118,165.00",0.00,2015,10,,N,,,01/16/15,"105,506.00"
151507,WDDUG8FB3FA156112,MERCEDES-BENZ,S550V4,IRIDIUM SILVER,"108,145.00","108,145.00",0.00,2015,10,,N,,,01/16/15,"96,554.00"
151545,WDDSJ4GBXFN173854,MERCEDES-BENZ,CLA250C4,MOUNTAIN GREY,"38,920.00","38,920.00",0.00,2015,10,,N,,,01/26/15,"35,384.00"
151600,WDDSJ5CB1FN180266,MERCEDES-BENZ,CLA45,NIGHT BLACK,"62,120.00","62,120.00",0.00,2015,10,,N,,,02/05/15,"55,884.00"
151687,WDDUG8FB8FA159085,MERCEDES-BENZ,S550V4,MAGNETITE BLACK,"108,145.00","108,145.00",0.00,2015,10,,N,,,02/13/15,"96,554.00"
151692,WDDLJ6HB9FA147235,MERCEDES-BENZ,CLS400C4,IRIDIUM SILVER,"74,670.00","74,670.00",0.00,2015,10,,N,,,02/13/15,"63,427.00"
151770,WDDUG8FB9FA159077,MERCEDES-BENZ,S550V4,MAGNETITE BLACK,"108,145.00","108,145.00",0.00,2015,10,,N,,,02/25/15,"96,554.00"
151800,WDDHF6HB9FB148211,MERCEDES-BENZ,E400W4,POLAR WHITE,"69,755.00","69,755.00",0.00,2015,10,,N,,,03/02/15,"57,578.00"
151805,WDDHF6HB3FB153100,MERCEDES-BENZ,E400W4,BLACK,"69,755.00","69,755.00",0.00,2015,10,,N,,,03/02/15,"57,673.00"
151828,WDDUG8FB1FA162586,MERCEDES-BENZ,S550V4,MAGNETITE BLACK,"118,165.00","118,165.00",0.00,2015,10,,N,,,03/03/15,"105,421.00"
151858,WDDHF6HB3FB158507,MERCEDES-BENZ,E400W4,BLACK,"66,875.00","66,875.00",0.00,2015,10,,N,,,03/09/15,"55,125.00"
151872,WDDHF6HB9FB158110,MERCEDES-BENZ,E400W4,BLACK,"67,165.00","67,165.00",0.00,2015,10,,N,,,03/11/15,"55,351.00"
151873,WDDSJ4GB1FN186217,MERCEDES-BENZ,CLA250C4,CIRRUS WHITE,"38,200.00","38,200.00",0.00,2015,10,,N,,,03/11/15,"34,748.00"
151880,WDDHF9HB5FB156341,MERCEDES-BENZ,E250BTC4,BLACK,"59,605.00","59,605.00",0.00,2015,10,,N,,,03/12/15,"53,691.00"
152049,WDDGJ5HB7FG408290,MERCEDES-BENZ,C350C,POLAR WHITE,"50,425.00","50,425.00",0.00,2015,10,,N,,Automatic,04/03/15,"45,470.00"
152089,WDDUG8FB1FA178903,MERCEDES-BENZ,S550V4,IRIDIUM SILVER,"116,790.00","116,790.00",0.00,2015,10,,N,,,04/09/15,"104,204.00"
152103,WDDUG8FB8FA178042,MERCEDES-BENZ,S550V4,IRIDIUM SILVER,"118,165.00","118,165.00",0.00,2015,10,,N,,,04/13/15,"105,421.00"
152108,WDDUG8FB2FA163357,MERCEDES-BENZ,S550V4,PALLADIUM SILVER,"118,165.00","118,165.00",0.00,2015,10,,N,,,04/13/15,"105,421.00"
152110,WDDXJ8FB9FA007718,MERCEDES-BENZ,S550C4,IRIDIUM SILVER,"144,375.00","144,375.00",0.00,2015,10,,N,,,04/13/15,"129,206.00"
152177,WDDSJ4GB2FN213375,MERCEDES-BENZ,CLA250C4,MOUNTAIN GREY,"40,650.00","40,650.00",0.00,2015,10,,N,,,04/22/15,"36,979.00"
152202,WDDSJ4GB7FN215929,MERCEDES-BENZ,CLA250C4,ARCTIC WHITE,"38,450.00","38,450.00",0.00,2015,10,,N,,,04/24/15,"34,968.00"
152359,WDDGJ4HB4FG429978,MERCEDES-BENZ,C250C,PALLADIUM SILVER,"46,965.00","46,965.00",0.00,2015,10,,N,,Automatic,05/12/15,"42,409.00"
152376,WDDUG8FB6FA189038,MERCEDES-BENZ,S550V4,MAGNETITE BLACK,"108,145.00","108,145.00",0.00,2015,10,,N,,,05/14/15,"96,554.00"
1523F4,WDDSJ4GB3FN195520,MERCEDES-BENZ,CLA250C4,,"41,730.00","41,730.00",0.00,2015,10,,N,,,03/23/15,"33,575.00"
152544,WDDGJ8JB9FG437527,MERCEDES-BENZ,C350C4,POLAR WHITE,"50,945.00","50,945.00",0.00,2015,10,,N,,Automatic,06/09/15,"45,932.00"
152545,WDDSJ4GB3FN173162,MERCEDES-BENZ,CLA250C4,NIGHT BLACK,"38,200.00","38,200.00",0.00,2015,10,,N,,,06/09/15,"34,748.00"
152620,WDDUG8FB8FA186223,MERCEDES-BENZ,S550V4,MAGNETITE BLACK,"108,145.00","108,145.00",0.00,2015,10,,N,,,06/19/15,"96,554.00"
152642,WDDUG8FB0FA187379,MERCEDES-BENZ,S550V4,BLACK,"108,145.00","108,145.00",0.00,2015,10,,N,,,06/22/15,"96,554.00"
152643,WDDUG8FBXFA190886,MERCEDES-BENZ,S550V4,MAGNETITE BLACK,"118,165.00","118,165.00",0.00,2015,10,,N,,,06/22/15,"105,421.00"
152664,WDDJK7DAXFF037353,MERCEDES-BENZ,SL550,MARS RED,"111,815.00","111,815.00",0.00,2015,10,,N,,,06/23/15,"99,801.00"
152679,WDDGJ8JB4FG440626,MERCEDES-BENZ,C350C4,BLACK,"52,975.00","52,975.00",0.00,2015,10,,N,,Automatic,06/24/15,"47,727.00"
152757,WDDXJ8FB0FA010863,MERCEDES-BENZ,S550C4,BLACK,"139,065.00","139,065.00",0.00,2015,10,,N,,,07/10/15,"123,918.00"
152844,WDDUG8FB5FA201213,MERCEDES-BENZ,S550V4,MAGNETITE BLACK,"108,285.00","108,285.00",0.00,2015,10,,N,,,08/07/15,"96,688.00"
152861,WDDXJ8FB7FA010522,MERCEDES-BENZ,S550C4,OBSIDIAN BLACK,"147,875.00","147,875.00",0.00,2015,10,,N,,,08/11/15,"131,714.00"
152948,WDDUG8FB6FA202564,MERCEDES-BENZ,S550V4,IRIDIUM SILVER,"108,145.00","108,145.00",0.00,2015,10,,N,,,09/15/15,"96,554.00"
152968,WDDSJ4EB7FN284672,MERCEDES-BENZ,CLA250C,CIRRUS WHITE,"40,550.00","40,550.00",0.00,2015,10,,N,,,09/23/15,"36,731.00"
152989,WDDUG8FB7FA176900,MERCEDES-BENZ,S550V4,DESIGNO DIAMOND WHT,"103,970.00","103,970.00",0.00,2015,20,,N,,,10/14/15,"93,059.00"
152991,WDDUG8FB4FA202708,MERCEDES-BENZ,S550V4,BLACK,"108,145.00","108,145.00",0.00,2015,20,,N,,,10/19/15,"96,764.00"
152992,WDDPK4HA8FF113378,MERCEDES-BENZ,SLK250,STEEL GREY,"54,000.00","54,000.00",0.00,2015,20,,N,,Automatic,10/19/15,"48,833.00"
152999,WDDSJ4GB8FN222162,MERCEDES-BENZ,CLA250C4,NORTHERN LTS VIOLET,"36,185.00","36,185.00",0.00,2015,20,,N,,,10/27/15,"33,295.00"
153002,WDDHH8JB4FB135561,MERCEDES-BENZ,E350S4,POLAR WHITE,"65,330.00","65,330.00",0.00,2015,20,,N,,Automatic,10/28/15,"59,088.00"
15C63C,33333333333333333,MERCEDES-BENZ,C63AMG,,"91,685.00","91,685.00",0.00,2015,10,,N,,,08/07/15,"84,630.00"
160001,WDDHF8JB1GB181212,MERCEDES-BENZ,E350W4,POLAR WHITE,"63,485.00","63,485.00",0.00,2016,10,,N,,,04/15/15,"57,102.00"
160004,WDDHF6HB0GB172043,MERCEDES-BENZ,E400W4,DOLOMITE BROWN,"69,725.00","69,725.00",0.00,2016,10,,N,,,04/17/15,"62,645.00"
160011,WDDHF6HB3GB174174,MERCEDES-BENZ,E400W4,POLAR WHITE,"68,715.00","68,715.00",0.00,2016,10,,N,,,04/17/15,"61,752.00"
160012,WDDHF6HB7GB170676,MERCEDES-BENZ,E400W4,IRIDIUM SILVER,"71,225.00","71,225.00",0.00,2016,10,,N,,,04/17/15,"63,972.00"
160017,WDDHF8JB3GB171930,MERCEDES-BENZ,E350W4,POLAR WHITE,"66,075.00","66,075.00",0.00,2016,10,,N,,,04/17/15,"59,463.00"
160019,WDDUX7GB2GA151347,MERCEDES-BENZ,S600X,DESIGNO MOCHA BLACK,"200,025.00","200,025.00",0.00,2016,10,,N,,,04/17/15,"177,766.00"
160020,WDDUX7GB3GA151356,MERCEDES-BENZ,S600X,DESIGNO MOCHA BLACK,"200,025.00","200,025.00",0.00,2016,10,,N,,,04/17/15,"178,166.00"
160021,WDDUX7GB6GA151321,MERCEDES-BENZ,S600X,DESIGNO MOCHA BLACK,"200,025.00","200,025.00",0.00,2016,10,,N,,,04/17/15,"177,831.00"
160023,WDDHF8JB4GB180359,MERCEDES-BENZ,E350W4,BLACK,"66,075.00","66,075.00",0.00,2016,10,,N,,,04/20/15,"59,413.00"
160024,WDDHF8JB5GB174912,MERCEDES-BENZ,E350W4,POLAR WHITE,"66,075.00","66,075.00",0.00,2016,10,,N,,,04/20/15,"59,413.00"
160032,WDDHH8JB5GB172779,MERCEDES-BENZ,E350S4,POLAR WHITE,"72,485.00","72,485.00",0.00,2016,10,,N,,Automatic,04/21/15,"64,963.00"
160044,WDDHF6HB4GB183112,MERCEDES-BENZ,E400W4,POLAR WHITE,"68,715.00","68,715.00",0.00,2016,10,,N,,,04/24/15,"61,752.00"
160046,WDDHF6HB9GB181419,MERCEDES-BENZ,E400W4,BLACK,"71,055.00","71,055.00",0.00,2016,10,,N,,,04/27/15,"63,822.00"
160047,WDDHF6HB4GB185118,MERCEDES-BENZ,E400W4,POLAR WHITE,"71,055.00","71,055.00",0.00,2016,10,,N,,,04/29/15,"63,822.00"
160050,WDDHF8JB2GB178741,MERCEDES-BENZ,E350W4,BLACK,"66,075.00","66,075.00",0.00,2016,10,,N,,,05/01/15,"59,413.00"
160051,WDDHF8JB3GB178800,MERCEDES-BENZ,E350W4,IRIDIUM SILVER,"62,615.00","62,615.00",0.00,2016,10,,N,,,05/01/15,"56,569.00"
160053,WDDHF6HB6GB188215,MERCEDES-BENZ,E400W4,BLACK,"69,965.00","69,965.00",0.00,2016,10,,N,,,05/07/15,"62,858.00"
160055,WDDHF8JB7GB180355,MERCEDES-BENZ,E350W4,BLACK,"61,895.00","61,895.00",0.00,2016,10,,N,,,05/07/15,"55,717.00"
160057,WDDHF8JB2GB184992,MERCEDES-BENZ,E350W4,POLAR WHITE,"66,075.00","66,075.00",0.00,2016,10,,N,,,05/08/15,"59,413.00"
160059,WDDHF8JB6GB186213,MERCEDES-BENZ,E350W4,BLACK,"60,705.00","60,705.00",0.00,2016,10,,N,,,05/08/15,"54,740.00"
160061,WDDHF8JB3GB185181,MERCEDES-BENZ,E350W4,BLACK,"61,895.00","61,895.00",0.00,2016,10,,N,,,05/08/15,"55,787.00"
160063,WDDHF8JB4GB186002,MERCEDES-BENZ,E350W4,BLACK,"61,895.00","61,895.00",0.00,2016,10,,N,,,05/08/15,"55,717.00"
160066,WDDHF8JB2GB175306,MERCEDES-BENZ,E350W4,BLACK,"70,465.00","70,465.00",0.00,2016,10,,N,,,05/12/15,"63,277.00"
160075,WDDHF8JB8GB191624,MERCEDES-BENZ,E350W4,LUNAR BLUE,"66,100.00","66,100.00",0.00,2016,10,,N,,,05/19/15,"59,436.00"
160078,WDDHF8JB9GB188375,MERCEDES-BENZ,E350W4,BLACK,"65,380.00","65,380.00",0.00,2016,10,,N,,,05/19/15,"58,800.00"
160081,WDDHF8JB7GB169176,MERCEDES-BENZ,E350W4,STEEL GREY,"68,065.00","68,065.00",0.00,2016,10,,N,,,05/20/15,"61,174.00"
160087,WDDUX7GB5GA189123,MERCEDES-BENZ,S600X,BLACK,"192,115.00","192,115.00",0.00,2016,10,,N,,,05/27/15,"171,063.00"
160090,WDDHF8JB9GB192961,MERCEDES-BENZ,E350W4,POLAR WHITE,"66,075.00","66,075.00",0.00,2016,10,,N,,,05/28/15,"59,413.00"
160093,WDDHF8JB3GB198867,MERCEDES-BENZ,E350W4,LUNAR BLUE,"66,100.00","66,100.00",0.00,2016,10,,N,,,06/02/15,"59,436.00"
160094,WDDHF8JB7GB193283,MERCEDES-BENZ,E350W4,POLAR WHITE,"66,075.00","66,075.00",0.00,2016,10,,N,,,06/02/15,"59,413.00"
160096,WDDHF8JB9GB189901,MERCEDES-BENZ,E350W4,BLACK,"63,880.00","63,880.00",0.00,2016,10,,N,,,06/03/15,"57,472.00"
160100,WDDHF8JB1GB197894,MERCEDES-BENZ,E350W4,BLACK,"60,845.00","60,845.00",0.00,2016,10,,N,,,06/09/15,"54,694.00"
160106,WDDHF6HB4GB201236,MERCEDES-BENZ,E400W4,POLAR WHITE,"69,055.00","69,055.00",0.00,2016,10,,N,,,06/09/15,"61,958.00"
160107,WDDHF6HB0GB200262,MERCEDES-BENZ,E400W4,BLACK,"71,195.00","71,195.00",0.00,2016,10,,N,,,06/09/15,"63,851.00"
160108,WDDHF8JBXGB206351,MERCEDES-BENZ,E350W4,IRIDIUM SILVER,"64,600.00","64,600.00",0.00,2016,10,,N,,,06/10/15,"58,108.00"
160110,WDDHF8JB9GB207796,MERCEDES-BENZ,E350W4,IRIDIUM SILVER,"62,185.00","62,185.00",0.00,2016,10,,N,,,06/10/15,"55,953.00"
160112,WDDKJ7DB1GF316482,MERCEDES-BENZ,E550C,BLACK,"70,590.00","70,590.00",0.00,2016,10,,N,,,06/10/15,"63,316.00"
160125,WDDHF8JB6GB198569,MERCEDES-BENZ,E350W4,STEEL GREY,"63,555.00","63,555.00",0.00,2016,10,,N,,,06/22/15,"57,091.00"
160131,WDDHF8JB3GB196133,MERCEDES-BENZ,E350W4,BLACK,"64,020.00","64,020.00",0.00,2016,10,,N,,,06/24/15,"57,596.00"
160135,WDDKJ6HBXGF322916,MERCEDES-BENZ,E400C4,BLACK,"69,140.00","69,140.00",0.00,2016,10,,N,,,07/06/15,"62,033.00"
160136,WDDHF8JB2GB214914,MERCEDES-BENZ,E350W4,LUNAR BLUE,"66,100.00","66,100.00",0.00,2016,10,,N,,,07/06/15,"59,436.00"
160141,WDDHF6HB2GB216916,MERCEDES-BENZ,E400W4,POLAR WHITE,"71,055.00","71,055.00",0.00,2016,10,,N,,,07/09/15,"63,822.00"
160143,WDDHF8JB6GB222689,MERCEDES-BENZ,E350W4,LUNAR BLUE,"64,600.00","64,600.00",0.00,2016,10,,N,,,07/09/15,"58,109.00"
160151,WDDHF8JB5GB219752,MERCEDES-BENZ,E350W4,SELENITE GREY,"64,740.00","64,740.00",0.00,2016,10,,N,,,07/14/15,"58,137.00"
160153,WDDHF8JB8GB221818,MERCEDES-BENZ,E350W4,BLACK,"63,020.00","63,020.00",0.00,2016,10,,N,,,07/14/15,"56,692.00"
160155,WDDHF9HB2GB217856,MERCEDES-BENZ,E250D4,BLACK,"62,570.00","62,570.00",0.00,2016,10,,N,,,07/14/15,"56,313.00"
160156,WDDHF8JBXGB226602,MERCEDES-BENZ,E350W4,BLACK,"63,160.00","63,160.00",0.00,2016,10,,N,,,07/15/15,"56,740.00"
160160,WDDJK6FA8GF037649,MERCEDES-BENZ,SL400,POLAR WHITE,"93,955.00","93,955.00",0.00,2016,10,,N,,,07/15/15,"84,165.00"
160165,WDDHF8JB1GB228285,MERCEDES-BENZ,E350W4,SELENITE GREY,"61,565.00","61,565.00",0.00,2016,10,,N,,,07/17/15,"55,405.00"
160170,WDDHF8JB2GB228151,MERCEDES-BENZ,E350W4,POLAR WHITE,"63,160.00","63,160.00",0.00,2016,10,,N,,,07/20/15,"56,740.00"
160173,WDDHF8JB4GB229401,MERCEDES-BENZ,E350W4,BLACK,"65,520.00","65,520.00",0.00,2016,10,,N,,,07/20/15,"58,828.00"
160187,WDDHF8JB2GB233205,MERCEDES-BENZ,E350W4,BLACK,"65,520.00","65,520.00",0.00,2016,10,,N,,,07/24/15,"58,828.00"
160188,WDDHF8JB5GB233053,MERCEDES-BENZ,E350W4,LUNAR BLUE,"66,240.00","66,240.00",0.00,2016,10,,N,,,07/24/15,"59,465.00"
160200,WDDHF8JB1GB236015,MERCEDES-BENZ,E350W4,BLACK,"63,590.00","63,590.00",0.00,2016,10,,N,,,08/03/15,"57,216.00"
160201,WDDHF8JB1GB237486,MERCEDES-BENZ,E350W4,IRIDIUM SILVER,"64,740.00","64,740.00",0.00,2016,10,,N,,,08/03/15,"58,137.00"
160202,WDDHF8JB6GB238388,MERCEDES-BENZ,E350W4,LUNAR BLUE,"64,740.00","64,740.00",0.00,2016,10,,N,,,08/03/15,"58,137.00"
160208,WDDHF8JB2GB236847,MERCEDES-BENZ,E350W4,BLACK,"71,150.00","71,150.00",0.00,2016,10,,N,,,08/05/15,"63,809.00"
160210,WDDHF8JB3GB233388,MERCEDES-BENZ,E350W4,INDIGO BLUE,"61,565.00","61,565.00",0.00,2016,10,,N,,,08/05/15,"55,330.00"
160211,WDDHF8JB4GB234663,MERCEDES-BENZ,E350W4,SELENITE GREY,"66,240.00","66,240.00",0.00,2016,10,,N,,,08/05/15,"59,977.00"
160213,WDDHF8JB4GB236090,MERCEDES-BENZ,E350W4,IRIDIUM SILVER,"63,040.00","63,040.00",0.00,2016,10,,N,,,08/06/15,"56,634.00"
160222,WDDHF8JB7GB236987,MERCEDES-BENZ,E350W4,BLACK,"64,880.00","64,880.00",0.00,2016,10,,N,,,08/06/15,"58,263.00"
160227,WDDHF8JB9GB233704,MERCEDES-BENZ,E350W4,DIAMOND SILVER,"62,655.00","62,655.00",0.00,2016,10,,N,,,08/06/15,"56,594.00"
160231,WDDHF8JB5GB234204,MERCEDES-BENZ,E350W4,BLACK,"61,195.00","61,195.00",0.00,2016,10,,N,,,08/07/15,"55,078.00"
160233,WDDHF8JB9GB239213,MERCEDES-BENZ,E350W4,POLAR WHITE,"63,160.00","63,160.00",0.00,2016,10,,N,,,08/07/15,"56,740.00"
160234,WDDKJ6HB0GF313738,MERCEDES-BENZ,E400C4,BLACK,"66,880.00","66,880.00",0.00,2016,10,,N,,,08/07/15,"60,032.00"
160236,WDDHF8JB7GB240974,MERCEDES-BENZ,E350W4,POLAR WHITE,"62,070.00","62,070.00",0.00,2016,10,,N,,,08/07/15,"55,851.00"
160242,WDDJK7DAXGF038536,MERCEDES-BENZ,SL550,POLAR WHITE,"112,955.00","112,955.00",0.00,2016,10,,N,,,08/11/15,"100,810.00"
160243,WDDHF8JB3GB243225,MERCEDES-BENZ,E350W4,POLAR WHITE,"64,880.00","64,880.00",0.00,2016,10,,N,,,08/11/15,"58,273.00"
160245,WDDHF8JB5GB240231,MERCEDES-BENZ,E350W4,STEEL GREY,"64,445.00","64,445.00",0.00,2016,10,,N,,,08/11/15,"57,876.00"
160263,WDDHF7GB9GB246485,MERCEDES-BENZ,E63W4S,BLACK,"108,205.00","108,205.00",0.00,2016,10,,N,,,08/17/15,"96,647.00"
160269,55SWF4KB7GU098999,MERCEDES-BENZ,C300W4,LUNAR BLUE,"51,340.00","51,340.00",0.00,2016,10,,N,,,08/18/15,"46,277.00"
160270,55SWF4KB8GU098994,MERCEDES-BENZ,C300W4,PALLADIUM SILVER,"53,905.00","53,905.00",0.00,2016,10,,N,,,08/18/15,"48,546.00"
160272,55SWF4KB4GU098409,MERCEDES-BENZ,C300W4,POLAR WHITE,"46,320.00","46,320.00",0.00,2016,10,,N,,,08/18/15,"41,931.00"
160273,55SWF4KB4GU098779,MERCEDES-BENZ,C300W4,BLACK,"52,285.00","52,285.00",0.00,2016,10,,N,,,08/18/15,"47,114.00"
160274,55SWF4KB4GU098992,MERCEDES-BENZ,C300W4,POLAR WHITE,"53,185.00","53,185.00",0.00,2016,10,,N,,,08/18/15,"47,974.00"
160283,55SWF4KB5GU099312,MERCEDES-BENZ,C300W4,LUNAR BLUE,"50,580.00","50,580.00",0.00,2016,10,,N,,,08/20/15,"45,606.00"
160286,55SWF4KB4GU097938,MERCEDES-BENZ,C300W4,STEEL GREY,"46,715.00","46,715.00",0.00,2016,10,,N,,,08/20/15,"42,280.00"
160295,55SWF4KB1GU097878,MERCEDES-BENZ,C300W4,BLACK,"46,320.00","46,320.00",0.00,2016,10,,N,,,08/24/15,"41,836.00"
160296,55SWF4KB9GU097627,MERCEDES-BENZ,C300W4,PALLADIUM SILVER,"53,905.00","53,905.00",0.00,2016,10,,N,,,08/24/15,"48,546.00"
160298,WDDUG8FB3GA215385,MERCEDES-BENZ,S550V4,MAGNETITE BLACK,"110,515.00","110,515.00",0.00,2016,10,,N,,,08/24/15,"98,726.00"
160304,55SWF4KB8GU099157,MERCEDES-BENZ,C300W4,STEEL GREY,"45,465.00","45,465.00",0.00,2016,10,,N,,,08/24/15,"41,175.00"
160305,55SWF4KB8GU099093,MERCEDES-BENZ,C300W4,LUNAR BLUE,"47,420.00","47,420.00",0.00,2016,10,,N,,,08/24/15,"42,944.00"
160307,55SWF4KB2GU099686,MERCEDES-BENZ,C300W4,BLACK,"45,785.00","45,785.00",0.00,2016,10,,N,,,08/24/15,"41,363.00"
160308,55SWF4KB9GU099085,MERCEDES-BENZ,C300W4,STEEL GREY,"45,605.00","45,605.00",0.00,2016,10,,N,,,08/24/15,"41,203.00"
160310,55SWF4KB9GU099314,MERCEDES-BENZ,C300W4,BLACK,"52,935.00","52,935.00",0.00,2016,10,,N,,,08/24/15,"47,689.00"
160313,WDDKK7DF5GF326447,MERCEDES-BENZ,E550A,POLAR WHITE,"77,690.00","77,690.00",0.00,2016,10,,N,,Automatic,08/25/15,"69,601.00"
160319,55SWF4KB1GU098951,MERCEDES-BENZ,C300W4,PALLADIUM SILVER,"53,905.00","53,905.00",0.00,2016,10,,N,,,08/25/15,"48,546.00"
160322,55SWF4KB0GU097547,MERCEDES-BENZ,C300W4,POLAR WHITE,"53,185.00","53,185.00",0.00,2016,10,,N,,,08/25/15,"47,984.00"
160323,55SWF4KB1GU098271,MERCEDES-BENZ,C300W4,POLAR WHITE,"53,185.00","53,185.00",0.00,2016,10,,N,,,08/25/15,"47,909.00"
160326,55SWF4KB7GU097934,MERCEDES-BENZ,C300W4,LUNAR BLUE,"47,040.00","47,040.00",0.00,2016,10,,N,,,08/25/15,"42,568.00"
160333,55SWF4KBXGU097944,MERCEDES-BENZ,C300W4,PALLADIUM SILVER,"53,905.00","53,905.00",0.00,2016,10,,N,,,08/26/15,"48,546.00"
160342,55SWF4KB0GU102195,MERCEDES-BENZ,C300W4,STEEL GREY,"45,465.00","45,465.00",0.00,2016,10,,N,,,08/28/15,"41,080.00"
160344,55SWF4KB4GU101258,MERCEDES-BENZ,C300W4,LUNAR BLUE,"51,340.00","51,340.00",0.00,2016,10,,N,,,08/28/15,"46,277.00"
160352,55SWF4KB8GU097537,MERCEDES-BENZ,C300W4,POLAR WHITE,"46,320.00","46,320.00",0.00,2016,10,,N,,,08/28/15,"41,911.00"
160353,55SWF4KB5GU097415,MERCEDES-BENZ,C300W4,POLAR WHITE,"50,545.00","50,545.00",0.00,2016,10,,N,,,08/28/15,"45,574.00"
160361,55SWF4KB0GU097399,MERCEDES-BENZ,C300W4,POLAR WHITE,"50,620.00","50,620.00",0.00,2016,10,,N,,,09/02/15,"45,641.00"
160362,55SWF4KB1GU097542,MERCEDES-BENZ,C300W4,LUNAR BLUE,"45,790.00","45,790.00",0.00,2016,10,,N,,,09/02/15,"41,367.00"
160363,55SWF4KB0GU101936,MERCEDES-BENZ,C300W4,BLACK,"49,860.00","49,860.00",0.00,2016,10,,N,,,09/02/15,"44,969.00"
160372,55SWF4KB6GU103786,MERCEDES-BENZ,C300W4,STEEL GREY,"45,255.00","45,255.00",0.00,2016,10,,N,,,09/02/15,"40,894.00"
160374,55SWF4KB8GU103787,MERCEDES-BENZ,C300W4,POLAR WHITE,"47,170.00","47,170.00",0.00,2016,10,,N,,,09/02/15,"42,589.00"
160378,55SWF4KB5GU102211,MERCEDES-BENZ,C300W4,PALLADIUM SILVER,"53,905.00","53,905.00",0.00,2016,10,,N,,,09/03/15,"55,487.00"
160379,55SWF4KB9GU101787,MERCEDES-BENZ,C300W4,STEEL GREY,"51,015.00","51,015.00",0.00,2016,10,,N,,,09/03/15,"46,085.00"
160384,WDDJK7DAXGF038892,MERCEDES-BENZ,SL550,DES.MAGNO NIGHT BLK,"120,875.00","120,875.00",0.00,2016,10,,N,,,09/04/15,"107,885.00"
160390,55SWF4KB2GU104255,MERCEDES-BENZ,C300W4,IRIDIUM SILVER,"48,525.00","48,525.00",0.00,2016,10,,N,,,09/09/15,"43,862.00"
160391,WDDHF8JB3GB227249,MERCEDES-BENZ,E350W4,IRIDIUM SILVER,"71,775.00","71,775.00",0.00,2016,10,,N,,,09/10/15,"64,360.00"
160397,WDDHF8JB6GB253179,MERCEDES-BENZ,E350W4,POLAR WHITE,"56,665.00","56,665.00",0.00,2016,10,,N,,,09/10/15,"50,995.00"
160398,55SWF4KB4GU104399,MERCEDES-BENZ,C300W4,LUNAR BLUE,"50,580.00","50,580.00",0.00,2016,10,,N,,,09/10/15,"45,606.00"
160400,55SWF4KB9GU104138,MERCEDES-BENZ,C300W4,BLACK,"44,535.00","44,535.00",0.00,2016,10,,N,,,09/10/15,"40,258.00"
160402,55SWF4KBXGU104228,MERCEDES-BENZ,C300W4,PALLADIUM SILVER,"50,255.00","50,255.00",0.00,2016,10,,N,,,09/10/15,"45,393.00"
160403,55SWF4KB4GU101938,MERCEDES-BENZ,C300W4,BLACK,"53,185.00","53,185.00",0.00,2016,10,,N,,,09/10/15,"47,909.00"
160405,55SWF4KB1GU097993,MERCEDES-BENZ,C300W4,BLACK,"53,185.00","53,185.00",0.00,2016,10,,N,,,09/10/15,"47,909.00"
160407,WDDHF8JB1GB258130,MERCEDES-BENZ,E350W4,STEEL GREY,"61,565.00","61,565.00",0.00,2016,10,,N,,,09/11/15,"55,330.00"
160420,55SWF4KB0GU104481,MERCEDES-BENZ,C300W4,STEEL GREY,"45,465.00","45,465.00",0.00,2016,10,,N,,,09/14/15,"41,245.00"
160421,55SWF4KB4GU104810,MERCEDES-BENZ,C300W4,POLAR WHITE,"46,320.00","46,320.00",0.00,2016,10,,N,,,09/14/15,"41,836.00"
160422,55SWF4KB9GU105483,MERCEDES-BENZ,C300W4,LUNAR BLUE,"45,790.00","45,790.00",0.00,2016,16,,N,,,09/14/15,"42,042.00"
160426,55SWF4KB0GU105016,MERCEDES-BENZ,C300W4,STEEL GREY,"51,340.00","51,340.00",0.00,2016,10,,N,,,09/14/15,"46,277.00"
160427,55SWF4KB4GU104676,MERCEDES-BENZ,C300W4,POLAR WHITE,"50,620.00","50,620.00",0.00,2016,10,,N,,,09/14/15,"45,806.00"
160428,55SWF4KB7GU104588,MERCEDES-BENZ,C300W4,BLACK,"45,070.00","45,070.00",0.00,2016,10,,N,,,09/14/15,"40,825.00"
160430,55SWF4KB9GU103183,MERCEDES-BENZ,C300W4,PALLADIUM SILVER,"53,905.00","53,905.00",0.00,2016,10,,N,,,09/14/15,"48,546.00"
160431,55SWF4KB9GU104625,MERCEDES-BENZ,C300W4,STEEL GREY,"45,465.00","45,465.00",0.00,2016,10,,N,,,09/14/15,"41,245.00"
160432,55SWF4KBXGU101796,MERCEDES-BENZ,C300W4,BLACK,"46,700.00","46,700.00",0.00,2016,10,,N,,,09/14/15,"42,267.00"
160433,WDDUG8FB4GA204007,MERCEDES-BENZ,S550V4,BLACK,"107,915.00","107,915.00",0.00,2016,10,,N,,,09/15/15,"96,485.00"
160437,WDDHF8JB8GB252163,MERCEDES-BENZ,E350W4,BLACK,"60,845.00","60,845.00",0.00,2016,10,,N,,,09/16/15,"54,809.00"
160441,55SWF4KB1GU100259,MERCEDES-BENZ,C300W4,POLAR WHITE,"50,620.00","50,620.00",0.00,2016,10,,N,,,09/16/15,"45,736.00"
160442,55SWF4KBXGU106416,MERCEDES-BENZ,C300W4,POLAR WHITE,"44,745.00","44,745.00",0.00,2016,10,,N,,,09/16/15,"40,683.00"
160446,55SWF4KB4GU106525,MERCEDES-BENZ,C300W4,BLACK,"52,725.00","52,725.00",0.00,2016,10,,N,,,09/17/15,"55,198.00"
160447,55SWF4KB8GU106415,MERCEDES-BENZ,C300W4,STEEL GREY,"50,880.00","50,880.00",0.00,2016,10,,N,,,09/17/15,"46,298.00"
160449,55SWF4KB0GU107185,MERCEDES-BENZ,C300W4,LUNAR BLUE,"50,880.00","50,880.00",0.00,2016,10,,N,,,09/17/15,"46,393.00"
160461,55SWF4KBXGU107811,MERCEDES-BENZ,C300W4,BLACK,"50,085.00","50,085.00",0.00,2016,10,,N,,,09/21/15,"45,595.00"
160462,55SWF4KBXGU108117,MERCEDES-BENZ,C300W4,POLAR WHITE,"52,175.00","52,175.00",0.00,2016,10,,N,,,09/21/15,"47,444.00"
160463,55SWF4KB6GU108311,MERCEDES-BENZ,C300W4,BLACK,"46,700.00","46,700.00",0.00,2016,10,,N,,,09/21/15,"42,342.00"
160472,55SWF4KB2GU108449,MERCEDES-BENZ,C300W4,BLACK,"53,185.00","53,185.00",0.00,2016,10,,N,,,09/23/15,"47,909.00"
160474,55SWF4KB3GU107813,MERCEDES-BENZ,C300W4,POLAR WHITE,"45,760.00","45,760.00",0.00,2016,10,,N,,,09/23/15,"41,341.00"
160475,55SWF4KB2GU108130,MERCEDES-BENZ,C300W4,BLACK,"50,410.00","50,410.00",0.00,2016,10,,N,,,09/23/15,"45,882.00"
160476,55SWF4KB6GU107742,MERCEDES-BENZ,C300W4,STEEL GREY,"50,555.00","50,555.00",0.00,2016,10,,N,,,09/23/15,"46,011.00"
160477,55SWF4KB5GU108347,MERCEDES-BENZ,C300W4,POLAR WHITE,"44,745.00","44,745.00",0.00,2016,10,,N,,,09/23/15,"40,518.00"
160486,55SWF4KB0GU108336,MERCEDES-BENZ,C300W4,BLACK,"49,645.00","49,645.00",0.00,2016,10,,N,,,09/24/15,"44,874.00"
160487,55SWF4KB6GU108339,MERCEDES-BENZ,C300W4,POLAR WHITE,"45,645.00","45,645.00",0.00,2016,10,,N,,,09/24/15,"41,480.00"
160491,WDDJK7DAXGF038603,MERCEDES-BENZ,SL550,POLAR WHITE,"115,765.00","115,765.00",0.00,2016,20,,N,,,09/24/15,"103,441.00"
160492,WDDHF8JB0GB260905,MERCEDES-BENZ,E350W4,POLAR WHITE,"63,020.00","63,020.00",0.00,2016,10,,N,,,09/25/15,"56,617.00"
160493,WDDHF8JB3GB259232,MERCEDES-BENZ,E350W4,INDIGO BLUE,"62,655.00","62,655.00",0.00,2016,10,,N,,,09/25/15,"56,294.00"
160494,WDDHF8JB4GB247204,MERCEDES-BENZ,E350W4,LUNAR BLUE,"61,565.00","61,565.00",0.00,2016,10,,N,,,09/25/15,"55,330.00"
160496,WDDHF8JB6GB245468,MERCEDES-BENZ,E350W4,BLACK,"60,705.00","60,705.00",0.00,2016,10,,N,,,09/25/15,"54,570.00"
160499,WDDHF8JBXGB245005,MERCEDES-BENZ,E350W4,POLAR WHITE,"63,160.00","63,160.00",0.00,2016,10,,N,,,09/25/15,"56,740.00"
160500,WDDHF8JB4GB247302,MERCEDES-BENZ,E350W4,SELENITE GREY,"62,650.00","62,650.00",0.00,2016,10,,N,,,09/25/15,"56,454.00"
160502,55SWF4KBXGU109428,MERCEDES-BENZ,C300W4,BLACK,"53,185.00","53,185.00",0.00,2016,10,,N,,,09/25/15,"47,974.00"
160505,55SWF4KB6GU108308,MERCEDES-BENZ,C300W4,STEEL GREY,"51,015.00","51,015.00",0.00,2016,10,,N,,,09/25/15,"46,085.00"
160506,55SWF4KB4GU108551,MERCEDES-BENZ,C300W4,POLAR WHITE,"53,185.00","53,185.00",0.00,2016,10,,N,,,09/25/15,"54,430.00"
160507,55SWF4KBXGU108974,MERCEDES-BENZ,C300W4,IRIDIUM SILVER,"52,680.00","52,680.00",0.00,2016,10,,N,,,09/25/15,"47,463.00"
160508,55SWF4KB6GU108292,MERCEDES-BENZ,C300W4,POLAR WHITE,"53,185.00","53,185.00",0.00,2016,10,,N,,,09/25/15,"47,909.00"
160509,55SWF4KB5GU108896,MERCEDES-BENZ,C300W4,BLACK,"49,720.00","49,720.00",0.00,2016,10,,N,,,09/25/15,"45,010.00"
160511,55SWF4KB9GU108464,MERCEDES-BENZ,C300W4,PALLADIUM SILVER,"50,365.00","50,365.00",0.00,2016,10,,N,,,09/28/15,"45,510.00"
160512,55SWF4KBXGU108442,MERCEDES-BENZ,C300W4,LUNAR BLUE,"51,340.00","51,340.00",0.00,2016,10,,N,,,09/28/15,"46,372.00"
160513,55SWF4KBXGU108652,MERCEDES-BENZ,C300W4,STEEL GREY,"50,115.00","50,115.00",0.00,2016,10,,N,,,09/28/15,"45,289.00"
160515,55SWF6EB7GU103402,MERCEDES-BENZ,C450W4,PALLADIUM SILVER,"63,220.00","63,220.00",0.00,2016,10,,N,,,09/28/15,"56,793.00"
160516,55SWF4KB1GU108913,MERCEDES-BENZ,C300W4,PALLADIUM SILVER,"50,690.00","50,690.00",0.00,2016,10,,N,,,09/28/15,"45,703.00"
160517,55SWF4KB8GU108553,MERCEDES-BENZ,C300W4,POLAR WHITE,"53,185.00","53,185.00",0.00,2016,10,,N,,,09/28/15,"47,909.00"
160520,55SWF4KB4GU109361,MERCEDES-BENZ,C300W4,LUNAR BLUE,"46,715.00","46,715.00",0.00,2016,10,,N,,,09/28/15,"42,280.00"
160522,55SWF4KB9GU109310,MERCEDES-BENZ,C300W4,PALLADIUM SILVER,"51,265.00","51,265.00",0.00,2016,10,,N,,,09/28/15,"46,341.00"
160523,55SWF4KB7GU109578,MERCEDES-BENZ,C300W4,PALLADIUM SILVER,"51,265.00","51,265.00",0.00,2016,10,,N,,,09/28/15,"46,306.00"
160533,WDDHF8JB0GB247507,MERCEDES-BENZ,E350W4,BLACK,"60,845.00","60,845.00",0.00,2016,10,,N,,,09/30/15,"54,694.00"
160538,WDDHF8JB3GB250935,MERCEDES-BENZ,E350W4,LUNAR BLUE,"62,440.00","62,440.00",0.00,2016,10,,N,,,09/30/15,"56,104.00"
160539,WDDHF8JB8GB250879,MERCEDES-BENZ,E350W4,SELENITE GREY,"62,440.00","62,440.00",0.00,2016,10,,N,,,09/30/15,"56,104.00"
160546,55SWF4KB9GU109825,MERCEDES-BENZ,C300W4,POLAR WHITE,"50,545.00","50,545.00",0.00,2016,10,,N,,,09/30/15,"45,669.00"
160547,55SWF4KB2GU108662,MERCEDES-BENZ,C300W4,STEEL GREY,"51,015.00","51,015.00",0.00,2016,10,,N,,,09/30/15,"46,085.00"
160548,WDDLJ6HB9GA153764,MERCEDES-BENZ,CLS400C4,BLACK,"85,040.00","85,040.00",0.00,2016,10,,N,,,10/01/15,"76,105.00"
160549,WDDHH7GB8GB240820,MERCEDES-BENZ,E63S4S,BLACK,"108,075.00","108,075.00",0.00,2016,10,,N,,,10/01/15,"96,492.00"
160550,WDDHF8JB5GB262357,MERCEDES-BENZ,E350W4,POLAR WHITE,"63,020.00","63,020.00",0.00,2016,10,,N,,,10/01/15,"56,712.00"
160552,WDDLJ6HB8GA163511,MERCEDES-BENZ,CLS400C4,STEEL GREY,"75,580.00","75,580.00",0.00,2016,10,,N,,,10/02/15,"67,733.00"
160553,WDDLJ6HBXGA164451,MERCEDES-BENZ,CLS400C4,BLACK,"79,920.00","79,920.00",0.00,2016,10,,N,,,10/02/15,"71,573.00"
160559,WDDHF6HB3GB251528,MERCEDES-BENZ,E400W4,POLAR WHITE,"71,195.00","71,195.00",0.00,2016,10,,N,,,10/02/15,"63,851.00"
160560,WDDHF6HB4GB251554,MERCEDES-BENZ,E400W4,POLAR WHITE,"71,195.00","71,195.00",0.00,2016,10,,N,,,10/02/15,"63,851.00"
160561,WDDHF6HB5GB251840,MERCEDES-BENZ,E400W4,BLACK,"70,645.00","70,645.00",0.00,2016,10,,N,,,10/02/15,"63,365.00"
160563,WDDHF6HBXGB250652,MERCEDES-BENZ,E400W4,BLACK,"71,195.00","71,195.00",0.00,2016,10,,N,,,10/02/15,"63,851.00"
160565,WDDKJ6HB1GF326241,MERCEDES-BENZ,E400C4,POLAR WHITE,"68,460.00","68,460.00",0.00,2016,10,,N,,,10/02/15,"61,431.00"
160566,WDDKJ6HB2GF330136,MERCEDES-BENZ,E400C4,POLAR WHITE,"64,735.00","64,735.00",0.00,2016,10,,N,,,10/02/15,"58,136.00"
160567,WDDKJ6HB5GF325805,MERCEDES-BENZ,E400C4,STEEL GREY,"69,180.00","69,180.00",0.00,2016,10,,N,,,10/02/15,"62,068.00"
160568,WDDKJ6HB9GF329565,MERCEDES-BENZ,E400C4,POLAR WHITE,"67,910.00","67,910.00",0.00,2016,10,,N,,,10/02/15,"60,945.00"
160569,WDDKK6FF9GF331724,MERCEDES-BENZ,E400A,DESIGNO DIAMOND WHT,"76,165.00","76,165.00",0.00,2016,10,,N,,,10/02/15,"68,249.00"
160571,WDDLJ6HB0GA163230,MERCEDES-BENZ,CLS400C4,DES. CARDINAL RED,"75,565.00","75,565.00",0.00,2016,10,,N,,,10/02/15,"67,719.00"
160572,WDDLJ6HB2GA165979,MERCEDES-BENZ,CLS400C4,DESIGNO DIAMOND WHT,"80,715.00","80,715.00",0.00,2016,10,,N,,,10/02/15,"72,276.00"
160573,WDDLJ6HB3GA161973,MERCEDES-BENZ,CLS400C4,BLACK,"79,920.00","79,920.00",0.00,2016,10,,N,,,10/02/15,"71,573.00"
160574,WDDLJ6HB3GA162136,MERCEDES-BENZ,CLS400C4,DESIGNO DIAMOND WHT,"80,715.00","80,715.00",0.00,2016,10,,N,,,10/02/15,"72,276.00"
160575,WDDLJ6HB3GA163478,MERCEDES-BENZ,CLS400C4,DESIGNO DIAMOND WHT,"76,375.00","76,375.00",0.00,2016,10,,N,,,10/02/15,"68,436.00"
160576,WDDLJ6HB8GA163198,MERCEDES-BENZ,CLS400C4,BLACK,"79,920.00","79,920.00",0.00,2016,10,,N,,,10/02/15,"71,573.00"
160578,55SWF4KB8GU111825,MERCEDES-BENZ,C300W4,BLACK,"51,705.00","51,705.00",0.00,2016,10,,N,,,10/05/15,"46,600.00"
160579,55SWF6EB6GU112236,MERCEDES-BENZ,C450W4,POLAR WHITE,"62,500.00","62,500.00",0.00,2016,10,,N,,,10/05/15,"56,156.00"
160582,WDDHF8JB8GB266984,MERCEDES-BENZ,E350W4,SELENITE GREY,"68,695.00","68,695.00",0.00,2016,10,,N,,,10/05/15,"61,704.00"
160583,WDDKK6FF3GF332447,MERCEDES-BENZ,E400A,STEEL GREY,"73,510.00","73,510.00",0.00,2016,10,,N,,,10/05/15,"65,855.00"
160591,WDDHF8JB7GB207683,MERCEDES-BENZ,E350W4,DESIGNO DIAMOND WHT,"65,395.00","65,395.00",0.00,2016,20,,N,,,10/06/15,"59,062.00"
160592,WDDHF8JB2GB205808,MERCEDES-BENZ,E350W4,POLAR WHITE,"64,110.00","64,110.00",0.00,2016,20,,N,,,10/06/15,"57,781.00"
160595,55SWF4KB0GU111673,MERCEDES-BENZ,C300W4,LUNAR BLUE,"48,960.00","48,960.00",0.00,2016,10,,N,,,10/07/15,"44,267.00"
160599,WDDHF8JBXGB264993,MERCEDES-BENZ,E350W4,DESIGNO DIAMOND WHT,"72,590.00","72,590.00",0.00,2016,10,,N,,,10/07/15,"65,084.00"
160600,55SWF4KB2GU111884,MERCEDES-BENZ,C300W4,POLAR WHITE,"47,915.00","47,915.00",0.00,2016,10,,N,,,10/07/15,"43,343.00"
160601,55SWF4KB7GU111640,MERCEDES-BENZ,C300W4,BLACK,"45,510.00","45,510.00",0.00,2016,10,,N,,,10/07/15,"41,216.00"
160608,55SWF4KB9GU112644,MERCEDES-BENZ,C300W4,PALLADIUM SILVER,"53,905.00","53,905.00",0.00,2016,10,,N,,,10/09/15,"48,546.00"
160609,55SWF4KB1GU112282,MERCEDES-BENZ,C300W4,STEEL GREY,"49,535.00","49,535.00",0.00,2016,10,,N,,,10/09/15,"44,776.00"
160610,55SWF4KB5GU112642,MERCEDES-BENZ,C300W4,BLACK,"53,185.00","53,185.00",0.00,2016,10,,N,,,10/09/15,"54,485.00"
160612,55SWF4KB7GU112643,MERCEDES-BENZ,C300W4,STEEL GREY,"51,015.00","51,015.00",0.00,2016,10,,N,,,10/09/15,"46,155.00"
160613,55SWF4KBXGU112328,MERCEDES-BENZ,C300W4,STEEL GREY,"43,985.00","43,985.00",0.00,2016,10,,N,,,10/09/15,"39,845.00"
160614,55SWF6EB2GU112413,MERCEDES-BENZ,C450W4,PALLADIUM SILVER,"62,970.00","62,970.00",0.00,2016,10,,N,,,10/09/15,"56,572.00"
160621,55SWF4KB5GU112639,MERCEDES-BENZ,C300W4,POLAR WHITE,"50,620.00","50,620.00",0.00,2016,10,,N,,,10/13/15,"45,736.00"
160623,55SWF4KB3GU113269,MERCEDES-BENZ,C300W4,IRIDIUM SILVER,"51,265.00","51,265.00",0.00,2016,10,,N,,,10/13/15,"46,306.00"
160624,55SWF4KB6GU112973,MERCEDES-BENZ,C300W4,BLACK,"50,620.00","50,620.00",0.00,2016,10,,N,,,10/13/15,"45,641.00"
160625,55SWF4KB5GU113628,MERCEDES-BENZ,C300W4,LUNAR BLUE,"51,340.00","51,340.00",0.00,2016,10,,N,,,10/13/15,"46,372.00"
160635,WDDHF8JB8GB258559,MERCEDES-BENZ,E350W4,POLAR WHITE,"65,380.00","65,380.00",0.00,2016,10,,N,,,10/14/15,"58,705.00"
160637,WDDJK7DA8GF039717,MERCEDES-BENZ,SL550,IRIDIUM SILVER,"115,555.00","115,555.00",0.00,2016,10,,N,,,10/14/15,"103,111.00"
160638,WDDKK6FF7GF334086,MERCEDES-BENZ,E400A,BLACK,"74,190.00","74,190.00",0.00,2016,10,,N,,,10/14/15,"66,503.00"
160640,WDDUG8FB8GA230108,MERCEDES-BENZ,S550V4,DESIGNO DIAMOND WHT,"123,085.00","123,085.00",0.00,2016,10,,N,,,10/14/15,"109,773.00"
160641,WDDHF8JB2GB267239,MERCEDES-BENZ,E350W4,SELENITE GREY,"64,600.00","64,600.00",0.00,2016,10,,N,,,10/14/15,"58,174.00"
160642,WDDHF8JBXGB270521,MERCEDES-BENZ,E350W4,BLACK,"64,795.00","64,795.00",0.00,2016,10,,N,,,10/14/15,"58,186.00"
160643,WDDKK6FF9GF334493,MERCEDES-BENZ,E400A,MARS RED,"68,135.00","68,135.00",0.00,2016,10,,N,,,10/14/15,"61,144.00"
160650,55SWF4KB5GU112852,MERCEDES-BENZ,C300W4,BLACK,"53,185.00","53,185.00",0.00,2016,10,,N,,,10/14/15,"47,909.00"
160651,55SWF4KB7GU113145,MERCEDES-BENZ,C300W4,POLAR WHITE,"50,545.00","50,545.00",0.00,2016,10,,N,,,10/14/15,"45,575.00"
160658,WDDHF8JB0GB259897,MERCEDES-BENZ,E350W4,SELENNITE GREY,"64,600.00","64,600.00",0.00,2016,10,,N,,,10/16/15,"58,109.00"
160659,WDDHF8JB2GB248562,MERCEDES-BENZ,E350W4,POLAR WHITE,"61,935.00","61,935.00",0.00,2016,10,,N,,,10/16/15,"55,658.00"
160660,WDDHF8JB2GB253390,MERCEDES-BENZ,E350W4,BLACK,"63,880.00","63,880.00",0.00,2016,10,,N,,,10/16/15,"57,472.00"
160662,WDDLJ6HB7GA159384,MERCEDES-BENZ,CLS400C4,DESIGNO DIAMOND WHIT,"80,715.00","80,715.00",0.00,2016,10,,N,,,10/16/15,"72,276.00"
160663,WDDKK6FF8GF332685,MERCEDES-BENZ,E400A,POLAR WHITE,"74,230.00","74,230.00",0.00,2016,10,,N,,,10/19/15,"66,536.00"
160664,WDDSJ4GB3GN297532,MERCEDES-BENZ,CLA250C4,NIGHT BLACK,"41,040.00","41,040.00",0.00,2016,10,,N,,,10/20/15,"37,329.00"
160665,WDDSJ4GB6GN296861,MERCEDES-BENZ,CLA250C4,NIGHT BLACK,"44,190.00","44,190.00",0.00,2016,10,,N,,,10/20/15,"40,116.00"
160667,WDDSJ4EB5GN288253,MERCEDES-BENZ,CLA250C,POLAR SILVER,"41,070.00","41,070.00",0.00,2016,10,,N,,,10/20/15,"37,260.00"
160668,WDDSJ4GB6GN288050,MERCEDES-BENZ,CLA250C4,MOUNTAIN GREY,"39,270.00","39,270.00",0.00,2016,10,,N,,,10/20/15,"35,598.00"
160669,WDDSJ4GB7GN294861,MERCEDES-BENZ,CLA250C4,MOUNTAIN GREY,"36,600.00","36,600.00",0.00,2016,10,,N,,,10/20/15,"33,401.00"
160670,WDDSJ4GB5GN291649,MERCEDES-BENZ,CLA250C4,JUPITER RED,"43,845.00","43,845.00",0.00,2016,10,,N,,,10/20/15,"39,812.00"
160671,WDDSJ4GB9GN290472,MERCEDES-BENZ,CLA250C4,CIRRUS WHITE,"43,060.00","43,060.00",0.00,2016,10,,N,,,10/20/15,"39,117.00"
160672,WDDSJ4GBXGN297432,MERCEDES-BENZ,CLA250C4,CIRRUS WHITE,"43,060.00","43,060.00",0.00,2016,10,,N,,,10/20/15,"39,117.00"
160673,WDDKJ6HB7GF331010,MERCEDES-BENZ,E400C4,STEEL GREY,"65,665.00","65,665.00",0.00,2016,20,,N,,,10/20/15,"59,303.00"
160683,55SWF4KB5GU115010,MERCEDES-BENZ,C300W4,PALLADIUM SILVER,"47,420.00","47,420.00",0.00,2016,10,,N,,,10/21/15,"42,974.00"
160685,55SWF6EB4GU111442,MERCEDES-BENZ,C450W4,BLACK,"62,500.00","62,500.00",0.00,2016,10,,N,,,10/21/15,"56,156.00"
160688,WDDHF8JB9GB272664,MERCEDES-BENZ,E350W4,IRIDIUM SILVER,"63,520.00","63,520.00",0.00,2016,10,,N,,,10/22/15,"57,154.00"
160690,WDDHF8JB7GB255331,MERCEDES-BENZ,E350W4,SELENITE GREY,"63,550.00","63,550.00",0.00,2016,20,,N,,,10/22/15,"57,351.00"
160691,WDDHF8JB5GB219363,MERCEDES-BENZ,E350W4,LUNAR BLUE,"64,450.00","64,450.00",0.00,2016,20,,N,,,10/22/15,"58,308.00"
160694,WDDSJ4EB4GN294285,MERCEDES-BENZ,CLA250C,CIRRUS WHITE,"36,550.00","36,550.00",0.00,2016,10,,N,,,10/23/15,"33,192.00"
160695,WDDSJ4GB9GN299768,MERCEDES-BENZ,CLA250C4,CIRRUS WHITE,"37,360.00","37,360.00",0.00,2016,10,,N,,,10/23/15,"34,003.00"
160697,WDDUG8FB6GA208950,MERCEDES-BENZ,S550V4,BLACK,"116,455.00","116,455.00",0.00,2016,10,,N,,,10/26/15,"103,907.00"
160698,WDDXJ8FB2GA014043,MERCEDES-BENZ,S550C4,BLACK,"144,675.00","144,675.00",0.00,2016,10,,N,,,10/26/15,"128,881.00"
160701,WDDSJ4GB7GN290230,MERCEDES-BENZ,CLA250C4,CIRRUS WHITE,"38,550.00","38,550.00",0.00,2016,10,,N,,,10/26/15,"35,127.00"
160702,WDDUG8FB3GA220859,MERCEDES-BENZ,S550V4,DIAMOND SILVER,"108,125.00","108,125.00",0.00,2016,10,,N,,,10/26/15,"96,536.00"
160703,WDDUG8FB7GA220265,MERCEDES-BENZ,S550V4,BLACK,"106,490.00","106,490.00",0.00,2016,10,,N,,,10/26/15,"95,089.00"
160704,WDDHF8JB7GB271299,MERCEDES-BENZ,E350W4,POLAR WHITE,"64,540.00","64,540.00",0.00,2016,10,,N,,,10/26/15,"57,962.00"
160705,WDDUG8FB6GA220306,MERCEDES-BENZ,S550V4,DESIGNO DIAMOND WHT,"105,010.00","105,010.00",0.00,2016,10,,N,,,10/26/15,"93,779.00"
160706,WDDUG8FB7GA220833,MERCEDES-BENZ,S550V4,BLACK,"105,115.00","105,115.00",0.00,2016,10,,N,,,10/26/15,"93,872.00"
160707,WDDUG8FBXGA220213,MERCEDES-BENZ,S550V4,DESIGNO DIAMOND WHT,"107,180.00","107,180.00",0.00,2016,10,,N,,,10/26/15,"95,699.00"
160708,WDDHF8JB5GB268840,MERCEDES-BENZ,E350W4,LUNAR BLUE,"71,635.00","71,635.00",0.00,2016,10,,N,,,10/26/15,"64,236.00"
160709,WDDUG8FB2GA217239,MERCEDES-BENZ,S550V4,MAGNETITE BLACK,"109,185.00","109,185.00",0.00,2016,10,,N,,,10/26/15,"97,474.00"
160710,WDDHF8JBXGB264153,MERCEDES-BENZ,E350W4,IRIDIUM SILVER,"64,600.00","64,600.00",0.00,2016,10,,N,,,10/26/15,"58,179.00"
160712,WDDUG8FB4GA219042,MERCEDES-BENZ,S550V4,MAGNETITE BLACK,"104,565.00","104,565.00",0.00,2016,10,,N,,,10/27/15,"93,385.00"
160713,WDDUG8FB7GA221772,MERCEDES-BENZ,S550V4,BLACK,"106,630.00","106,630.00",0.00,2016,10,,N,,,10/27/15,"95,212.00"
160714,WDDUG8FB2GA218195,MERCEDES-BENZ,S550V4,BLACK,"105,730.00","105,730.00",0.00,2016,10,,N,,,10/27/15,"94,416.00"
160715,WDDLJ6HB5GA161280,MERCEDES-BENZ,CLS400C4,IRIDIUM SILVER,"82,240.00","82,240.00",0.00,2016,20,,N,,,10/27/15,"74,052.00"
160717,WDDUG8FB2GA219945,MERCEDES-BENZ,S550V4,IRIDIUM SILVER,"109,535.00","109,535.00",0.00,2016,10,,N,,,10/27/15,"97,784.00"
160718,WDDUG8FB5GA205232,MERCEDES-BENZ,S550V4,LUNAR BLUE,"108,125.00","108,125.00",0.00,2016,10,,N,,,10/27/15,"96,536.00"
160719,WDDUG8FB7GA221612,MERCEDES-BENZ,S550V4,LUNAR BLUE,"108,125.00","108,125.00",0.00,2016,10,,N,,,10/27/15,"96,536.00"
160720,WDDUG8FB8GA220016,MERCEDES-BENZ,S550V4,BLACK,"109,185.00","109,185.00",0.00,2016,10,,N,,,10/27/15,"97,474.00"
160721,WDDUG8FB8GA221151,MERCEDES-BENZ,S550V4,ANTHRACITE BLUE,"105,115.00","105,115.00",0.00,2016,10,,N,,,10/27/15,"93,872.00"
160722,WDDUG8FB9GA221837,MERCEDES-BENZ,S550V4,DESIGNO DIAMOND WHT,"105,910.00","105,910.00",0.00,2016,10,,N,,,10/27/15,"94,576.00"
160726,WDDHF8JB3GB271297,MERCEDES-BENZ,E350W4,STEEL GREY,"63,450.00","63,450.00",0.00,2016,20,,N,,,10/28/15,"57,197.00"
160727,WDDHF8JB0GB274206,MERCEDES-BENZ,E350W4,POLAR WHITE,"67,465.00","67,465.00",0.00,2016,10,,N,,,10/28/15,0.00
20503T,4JGBB8GB9BA713951,MERCEDES-BENZ,ML350W4,BK,"43,741.00","43,741.00",0.00,2011,19688,,U,,Automatic,03/31/11,"2,854.00"
20520T,4JGBB8GB5BA718497,MERCEDES-BENZ,ML350W4,755/151,"56,725.00","56,725.00",0.00,2011,14983,,U,,Automatic,04/04/11,"1,796.00"
425180,WDCGG8JBXFG425180,MERCEDES-BENZ,GLK350W4,,0.00,0.00,0.00,2015,10,,N,,,05/04/15,145.00
E350W4,22222222222222222,MERCEDES-BENZ,,,0.00,0.00,0.00,2013,10,,N,,,03/28/13,0.00
GLK350,33333333333333333,MERCEDES-BENZ,,,"50,505.00","50,505.00",0.00,2013,10,,N,,,03/15/13,"47,275.00"
SCLASS,22222222222222222,MERCEDES-BENZ,,,"104,000.00","104,000.00",0.00,2013,10,,N,,,04/01/13,"97,000.00"
SLK250,22222222222222222,MERCEDES-BENZ,,,"49,675.00","49,675.00",0.00,2013,10,,N,,,03/25/13,"45,500.00"
U66666,2LNBL8EV7BX754015,LINCOLN,AVIATOR,,0.00,0.00,0.00,2011,132628,,U,,,12/12/14,"18,750.00"
U87391,WBSEK93507CS32627,BMW,525I,ASH CLOTH INSERTS,0.00,0.00,0.00,2007,64000,,U,,,12/05/14,"20,750.00"
U88981,2G1WC5E3XC1189307,CHEVROLET,1500 CR CAB,,0.00,0.00,0.00,2012,56000,,U,,,12/12/14,"4,750.00"
U93511,WDCYC7BF3BX191633,MERCEDES-BENZ,G55K,,0.00,0.00,0.00,2011,13460,,U,,Automatic,05/29/15,"76,750.00"
U95731,1HGCR3F89EA031994,HONDA,ACCORD SDN,WHITE,0.00,0.00,0.00,2014,13197,,U,,,10/21/15,"19,750.00"
1111111,11111111111111111,MERCEDES-BENZ,GL450,,0.00,0.00,0.00,2015,10,,U,,,06/25/15,750.00
1111113,11111111111111111,MERCEDES-BENZ,GL450,,0.00,0.00,0.00,2015,10,,N,,,07/10/15,0.00
120104T,4JGBF7BE8CA766271,MERCEDES-BENZ,,,"70,740.00","70,740.00",0.00,2012,10,,U,,Automatic,03/09/12,"3,425.00"
120800T,4JGDA5HB1CA034525,MERCEDES-BENZ,ML350W4,BK,"57,060.00","57,060.00",0.00,2012,16,,N,,Automatic,12/20/11,"51,405.00"
120886T,4JGDA5HB0CA035584,MERCEDES-BENZ,ML350W4,WH,"59,185.00","59,185.00",0.00,2012,10,,N,,Automatic,01/10/12,"55,819.00"
120995T,4JGDA5HB0CA041904,MERCEDES-BENZ,ML350W4,GY,"54,250.00","54,250.00",0.00,2012,8886,,U,,Automatic,02/01/12,"1,898.00"
121050T,WDCGG8HB9CF861025,MERCEDES-BENZ,GLK350W4,BG,"46,425.00","46,425.00",0.00,2012,15,,U,,Automatic,02/16/12,"1,615.00"
121069T,4JGBF7BE9CA782253,MERCEDES-BENZ,,BK,"71,510.00","71,510.00",0.00,2012,10,,N,,Automatic,02/21/12,"67,265.00"
121085T,4JGBF2FE1CA786892,MERCEDES-BENZ,GL350BTC,BK,"71,625.00","71,625.00",0.00,2012,15,,N,,Automatic,02/24/12,"67,447.00"
121099T,4JGBF2FE5CA787012,MERCEDES-BENZ,GL350BTC,BK,"71,625.00","71,625.00",0.00,2012,15,,N,,Automatic,02/28/12,"67,522.00"
121108T,4JGDA2EB8CA050384,MERCEDES-BENZ,ML350BTC,BR,"58,635.00","58,635.00",0.00,2012,10,,N,,Automatic,02/29/12,"109,371.00"
121109T,4JGDA2EB4CA051807,MERCEDES-BENZ,ML350BTC,WHT,"58,770.00","58,770.00",0.00,2012,15,,N,,Automatic,02/29/12,"55,568.00"
121199T,WDCGG8HB5CF820360,MERCEDES-BENZ,GLK350W4,ARCTIC WHITE,"40,895.00","40,895.00",0.00,2012,10,,N,,Automatic,03/19/12,"39,604.00"
121245T,WDCGG8HB4CF864317,MERCEDES-BENZ,GLK350W4,IRIDIUM SILVER,"44,355.00","44,355.00",0.00,2012,10,,N,,Automatic,03/26/12,"42,925.00"
121254T,WDCGG8HBXCF872616,MERCEDES-BENZ,GLK350W4,ARCTIC WHITE,"43,080.00","43,080.00",0.00,2012,3640,,U,,Automatic,03/26/12,"1,816.00"
12145TL,WDCGG8HB4CF864317,MERCEDES-BENZ,GLK350W4,,0.00,0.00,0.00,2012,14510,,N,,Automatic,08/20/13,0.00
121556T,WDCGG8HB0CF916820,MERCEDES-BENZ,GLK350W4,ARCTIC WHITE,"43,080.00","43,080.00",0.00,2012,10,,N,,Automatic,05/14/12,"42,173.00"
130178T,WDCGG8JB2DF980305,MERCEDES-BENZ,GLK350W4,BLACK,"41,735.00","41,735.00",0.00,2013,8700,,N,,,08/24/12,"39,658.00"
130240T,WDCGG8JBXDF968032,MERCEDES-BENZ,GLK350W4,POLAR WHITE,"44,995.00","44,995.00",0.00,2013,9800,,N,,,09/11/12,"41,423.00"
130345T,WDCGG8JB0DG003335,MERCEDES-BENZ,GLK350W4,MARS RED,"44,995.00","44,995.00",0.00,2013,9985,,N,,,09/27/12,"42,033.00"
131134T,4JGDA5HB0DA183283,MERCEDES-BENZ,ML350W4,IRIDIUM SILVER,"55,765.00","55,765.00",0.00,2013,6004,,N,,Automatic,01/25/13,"52,238.00"
131438T,WDCGG8JB8DG093317,MERCEDES-BENZ,GLK350W4,BLACK,"44,995.00","44,995.00",0.00,2013,1259,,N,,,03/19/13,"40,699.00"
131529T,4JGDA5HB7DA201729,MERCEDES-BENZ,ML350W4,BLACK,"54,545.00","54,545.00",0.00,2013,2465,,N,,Automatic,04/02/13,"49,267.00"
131539T,4JGDA2EB6DA218878,MERCEDES-BENZ,ML350BTC,BLACK,"58,710.00","58,710.00",0.00,2013,10,,N,,Automatic,04/04/13,"53,795.00"
131689T,WDCGG0EB3DG118152,MERCEDES-BENZ,GLK250BT,BLACK,"41,505.00","41,505.00",0.00,2013,7000,,N,,,05/06/13,"38,612.00"
131771T,4JGDA2EBXDA241385,MERCEDES-BENZ,ML350BTC,BLACK,"59,175.00","59,175.00",0.00,2013,7000,,N,,Automatic,05/21/13,"56,958.00"
140191T,4JGDA5HB7EA273371,MERCEDES-BENZ,ML350W4,BLACK,"55,805.00","55,805.00",0.00,2014,7637,,N,,Automatic,08/01/13,"41,943.00"
140540T,WDCTG4GB5FJ036691,MERCEDES-BENZ,GLA250W4,,"45,115.00","45,115.00",0.00,2015,10,,N,,,09/24/14,"40,854.00"
141098L,WDDHF0EB3EA931241,MERCEDES-BENZ,E250BTC,SIL,0.00,0.00,0.00,2014,10,,U,,,03/10/14,"50,100.00"
141602T,WDCGG8JB8EG248398,MERCEDES-BENZ,GLK350W4,PALLADIUM SILVER,"46,125.00","46,125.00",0.00,2014,15,,N,,,02/25/14,"42,093.00"
142939C,WD3PE7CC3E5845296,MERCEDES-BENZ,2500 CARGO 144,ARCTIC WHITE,"40,520.00","40,520.00",0.00,2014,5,,U,,,09/30/15,"28,868.00"
142940C,WD3PE7CC2E5854782,MERCEDES-BENZ,2500 CARGO 144,ARCTIC WHITE,"40,400.00","40,400.00",0.00,2014,5,,U,,,09/30/15,"28,862.00"
142942C,WD3PE7CCXE5855274,MERCEDES-BENZ,2500 CARGO 144,ARCTIC WHITE,"40,400.00","40,400.00",0.00,2014,5,,N,,,09/30/15,500.00
142943C,WD3PE7CC8E5855760,MERCEDES-BENZ,2500 CARGO 144,ARCTIC WHITE,"40,400.00","40,400.00",0.00,2014,5,,U,,,09/30/15,"28,907.00"
142948C,WD3PE7CC7E5834852,MERCEDES-BENZ,2500 CARGO 144,ARCTIC WHITE,"38,675.00","38,675.00",0.00,2014,5,,U,,,09/30/15,"27,240.00"
142949C,WD3PE7CC5E5835160,MERCEDES-BENZ,2500 CARGO 144,ARCTIC WHITE,"38,675.00","38,675.00",0.00,2014,5,,U,,,09/30/15,"27,240.00"
142950C,WD3PE7CC7E5835161,MERCEDES-BENZ,2500 CARGO 144,ARCTIC WHITE,"38,675.00","38,675.00",0.00,2014,5,,U,,,09/30/15,"27,240.00"
142951C,WD3PE7CCXE5834859,MERCEDES-BENZ,2500 CARGO 144,ARCTIC WHITE,"38,675.00","38,675.00",0.00,2014,5,,U,,,09/30/15,"27,240.00"
142952C,WD3PE7CC8E5834861,MERCEDES-BENZ,2500 CARGO 144,ARCTIC WHITE,"38,675.00","38,675.00",0.00,2014,5,,N,,,10/02/15,"34,380.00"
14350W4,22222222222222222,MERCEDES-BENZ,E350W4M,,0.00,0.00,0.00,2002,10,,U,,,03/24/14,750.00
14GL450,11111111111111111,MERCEDES-BENZ,GL450W4,,"78,000.00","78,000.00",0.00,2020,10,,N,,,08/25/14,"73,000.00"
150160L,WDDUG8FB9FA101826,MERCEDES-BENZ,S550V4,BLACK,0.00,0.00,0.00,2015,10,,U,,,06/29/15,"104,448.00"
150244C,WD3PE7CC8F5947730,MERCEDES-BENZ,2500 CARGO 144,ARCTIC WHITE,"40,696.00","40,696.00",0.00,2015,10,,N,,,08/26/14,"39,243.00"
150463C,WD3PE7DCXF5947744,MERCEDES-BENZ,2500 CARGO 144,ARCTIC WHITE,"42,005.00","42,005.00",0.00,2015,10,,N,,,09/24/14,"38,036.00"
150565T,4JGDF7EE4FA451069,MERCEDES-BENZ,GL63,BLACK,"122,160.00","122,160.00",0.00,2015,10,,N,,,10/09/14,"109,102.00"
150598C,WD3PE8DC4F5946627,MERCEDES-BENZ,2500 CARGO 170,ARCTIC WHITE,"46,104.00","46,104.00",0.00,2015,5,,N,,,10/14/14,"40,951.00"
150621C,WD3PE8DC2F5948554,MERCEDES-BENZ,2500 CARGO 170,ARCTIC WHITE,"45,813.00","45,813.00",0.00,2015,5,,N,,,10/16/14,"40,650.00"
150768C,WD3PE8CC0F5959084,MERCEDES-BENZ,2500 CARGO 170,ARCTIC WHITE,"49,268.00","49,268.00",0.00,2015,10,,N,,,11/03/14,"43,754.00"
150779C,WD3PE8CC1F5961488,MERCEDES-BENZ,2500 CARGO 170,ARCTIC WHITE,"49,268.00","49,268.00",0.00,2015,10,,N,,,11/05/14,"43,981.00"
150780C,WD3PE8DC1F5970450,MERCEDES-BENZ,2500 CARGO 170,ARCTIC WHITE,"46,104.00","46,104.00",0.00,2015,5,,N,,,11/05/14,"40,951.00"
150808T,4JGDA0EB5FA488708,MERCEDES-BENZ,ML250BTC,POLAR WHITE,"57,050.00","57,050.00",0.00,2015,10,,N,,,11/07/14,"47,428.00"
150849L,WDDHF8JB6FB088104,MERCEDES-BENZ,E350W4,BLACK,"63,280.00","63,280.00",0.00,2015,5872,,N,,,04/06/15,75.00
150884T,4JGDA0EB8FA508885,MERCEDES-BENZ,ML250BTC,BLACK,"57,050.00","57,050.00",0.00,2015,10,,N,,,11/12/14,"47,510.00"
151069T,4JGDA5GB6FA509916,MERCEDES-BENZ,ML400W4,BLACK,"69,510.00","69,510.00",0.00,2015,10,,N,,,11/26/14,"58,953.00"
151090T,4JGDA5GB2FA516586,MERCEDES-BENZ,ML400W4,BLACK,"68,760.00","68,760.00",0.00,2015,10,,N,,,11/28/14,"58,194.00"
151205L,55SWF4KB7FU035142,MERCEDES-BENZ,C300W4,BLACK,"49,070.00","49,070.00",0.00,2015,6802,,N,,,04/14/15,"42,394.00"
151226L,WDDHF8JB0FB118133,MERCEDES-BENZ,E350W4,BLACK,"63,280.00","63,280.00",0.00,2015,10,,N,,,05/18/15,204.00
151232L,WDDHF8JB1FB126306,MERCEDES-BENZ,E350W4,BLACK,0.00,0.00,0.00,2015,10,,U,,,03/23/15,"58,549.00"
151368L,55SWF4KBXFU038388,MERCEDES-BENZ,C300W4,SIL,0.00,0.00,0.00,2015,10,,U,,,01/22/15,"45,331.00"
151404C,WD3PE8DC6F5981976,MERCEDES-BENZ,2500 CARGO 170,ARCTIC WHITE,"45,032.00","45,032.00",0.00,2015,5,,N,,,01/06/15,"40,003.00"
151414L,WDDHF8JB2FB129778,MERCEDES-BENZ,E350W4,BLACK,"62,325.00","62,325.00",0.00,2015,6816,,N,,,02/20/15,"55,111.00"
151526T,4JGDA5GBXFA538657,MERCEDES-BENZ,ML400W4,BLACK,"69,510.00","69,510.00",0.00,2015,10,,N,,,01/21/15,"66,684.00"
151556L,55SWF4KB2FU043486,MERCEDES-BENZ,C300W4,SILVER,0.00,0.00,0.00,2015,10,,U,,,05/13/15,"44,239.00"
151591L,WDDSJ4GB0FN177850,MERCEDES-BENZ,CLA250C4,WHITE,0.00,0.00,0.00,2015,10,,U,,,05/21/15,"36,405.00"
151632L,WDDSJ4GB6FN184799,MERCEDES-BENZ,CLA250C4,WHT,0.00,0.00,0.00,2015,10,,U,,,05/13/15,"37,706.00"
151652T,4JGDA0EB9FA548828,MERCEDES-BENZ,ML250BTC,POLAR WHITE,"59,295.00","59,295.00",0.00,2015,10,,N,,,02/11/15,"53,413.00"
151746C,WD3PE8DC9F5977422,MERCEDES-BENZ,2500 CARGO 170,ARCTIC WHITE,"45,945.00","45,945.00",0.00,2015,15,,N,,,02/20/15,"41,020.00"
151747C,WD3PE8DC2F5976936,MERCEDES-BENZ,2500 CARGO 170,ARCTIC WHITE,"45,945.00","45,945.00",0.00,2015,15,,N,,,02/20/15,"41,020.00"
151763L,WDDSJ4GB2FN186078,MERCEDES-BENZ,CLA250C4,GY,"38,920.00","38,920.00",0.00,2015,3402,,N,,,04/06/15,75.00
151806L,WDDSJ4GB3FN188504,MERCEDES-BENZ,CLA250C4,BLACK,0.00,0.00,0.00,2015,10,,U,,,03/26/15,"33,713.00"
151825T,4JGDA0EB3FA558450,MERCEDES-BENZ,ML250BTC,BLACK,"57,050.00","57,050.00",0.00,2015,10,,N,,,03/03/15,"51,333.00"
151827L,WDDUG8FB4FA091013,MERCEDES-BENZ,S550V4,BLACK,0.00,0.00,0.00,2015,20,,U,,,06/16/15,"104,373.00"
151868T,4JGDA0EB0FA561659,MERCEDES-BENZ,ML250BTC,POLAR WHITE,"57,050.00","57,050.00",0.00,2015,10,,N,,,03/10/15,"51,428.00"
151888T,4JGDA0EB4FA564452,MERCEDES-BENZ,ML250BTC,DIAMOND SILVER,"57,690.00","57,690.00",0.00,2015,10,,N,,,03/16/15,"51,995.00"
151913T,WDDTG5CB0FJ116228,MERCEDES-BENZ,GLA45,NIGHT BLACK,"60,345.00","60,345.00",0.00,2015,10,,N,,,03/17/15,"54,314.00"
151931L,55SWF4KB1FU058383,MERCEDES-BENZ,C300W4,BLACK,0.00,0.00,0.00,2015,10,,U,,,05/04/15,"41,822.00"
152064L,WDDSJ4GB4FN208792,MERCEDES-BENZ,CLA250C4,GREY,0.00,0.00,0.00,2015,10,,U,,,05/21/15,"37,306.00"
152333T,WDDTG5CB5FJ133641,MERCEDES-BENZ,GLA45,NIGHT BLACK,"61,025.00","61,025.00",0.00,2015,10,,N,,,05/07/15,"54,850.00"
152373T,4JGDA5GB9FA594766,MERCEDES-BENZ,ML400W4,BLACK,"70,800.00","70,800.00",0.00,2015,10,,N,,,05/13/15,"60,094.00"
152385L,55SWF4KB1FU073384,MERCEDES-BENZ,C300W4,SIL,0.00,0.00,0.00,2015,10,,U,,,08/04/15,"40,956.00"
152390L,55SWF4KB9FU073522,MERCEDES-BENZ,C300W4,SIL,0.00,0.00,0.00,2015,10,,U,,,08/05/15,"40,956.00"
152453L,55SWF4KB0FU076311,MERCEDES-BENZ,C300W4,SIL,0.00,0.00,0.00,2015,10,,U,,,08/05/15,"40,966.00"
152499T,4JGDF2EE1FA604929,MERCEDES-BENZ,GL350BTC,POLAR WHITE,"76,975.00","76,975.00",0.00,2015,10,,N,,,06/02/15,"69,040.00"
152673L,55SWF4KB0FU082433,MERCEDES-BENZ,C300W4,SIL,0.00,0.00,0.00,2015,10,,U,,,08/04/15,"40,956.00"
152718C,WD3PE8DC0FP111709,MERCEDES-BENZ,2500 CARGO 170,ARCTIC WHITE,"45,244.00","45,244.00",0.00,2015,20,,N,,,06/30/15,"40,192.00"
152745C,WD3PE8DC4FP147547,MERCEDES-BENZ,2500 CARGO 170,BLACK,"46,349.00","46,349.00",0.00,2015,5,,N,,,07/06/15,"41,168.00"
152747C,WD3PE8DC0FP121785,MERCEDES-BENZ,2500 CARGO 170,BRILLIANT SILVER,"45,194.00","45,194.00",0.00,2015,5,,N,,,07/06/15,"40,147.00"
152748C,WD3PE7CCXFP148018,MERCEDES-BENZ,2500 CARGO 144,BRILLIANT SILVER,"40,014.00","40,014.00",0.00,2015,5,,N,,,07/06/15,"35,563.00"
152783C,WD3PF3CC6FP154209,MERCEDES-BENZ,3500 CARGO 144,ARCTIC WHITE,"46,460.00","46,460.00",0.00,2015,5,,N,,,07/17/15,"41,269.00"
152784C,WD3PE8CC5FP153259,MERCEDES-BENZ,2500 CARGO 170,BRILLIANT SILVER,"46,179.00","46,179.00",0.00,2015,5,,N,,,07/17/15,"41,019.00"
152901C,WD3PF4CC2FP164404,MERCEDES-BENZ,3500 CARGO 170E,BLACK,"59,653.00","59,653.00",0.00,2015,5,,N,,,08/19/15,"80,673.00"
152915C,WD3PE8CC9FP120801,MERCEDES-BENZ,2500 CARGO 170,ARCTIC WHITE,"46,193.00","46,193.00",0.00,2015,20,,N,,,08/21/15,"41,031.00"
152980T,WDCGG8JB1FG441669,MERCEDES-BENZ,GLK350W4,POLAR WHITE,"49,770.00","49,770.00",0.00,2015,25,,N,,,09/30/15,"44,890.00"
152993T,4JGDA5HB5FA599493,MERCEDES-BENZ,ML350W4,PALLADIUM SILVER,"61,225.00","61,225.00",0.00,2015,20,,N,,Automatic,10/19/15,"55,024.00"
152995T,WDCTG4GB9FJ179319,MERCEDES-BENZ,GLA250W4,CIRRUS WHITE,"39,770.00","39,770.00",0.00,2015,10,,N,,,10/22/15,"36,041.00"
152996T,4JGDF6EE0FA522620,MERCEDES-BENZ,GL450W4,IRIDIUM SILVER,"77,985.00","77,985.00",0.00,2015,2348,,N,,,10/27/15,"69,677.00"
152997T,4JGDF6EE2FA546532,MERCEDES-BENZ,GL450W4,IRIDIUM SILVER,"77,985.00","77,985.00",0.00,2015,1821,,N,,,10/27/15,"67,129.00"
153001T,4JGDF6EE5FA526694,MERCEDES-BENZ,GL450W4,IRIDIUM SILVER,"77,985.00","77,985.00",0.00,2015,1384,,N,,,10/27/15,"67,485.00"
15S550V,99999999999999999,MERCEDES-BENZ,S550V,,"112,065.00","112,065.00",0.00,2015,10,,N,,,07/25/15,"105,065.00"
160003L,WDDHF9HB0GB177356,MERCEDES-BENZ,E250D4,BLACK,0.00,0.00,0.00,2016,10,,U,,,07/21/15,"56,897.00"
160005L,WDDHF8JB1GB179489,MERCEDES-BENZ,E350W4,IRIDIUM SILVER,0.00,0.00,0.00,2016,10,,U,,,06/16/15,"56,166.00"
160006L,WDDHF8JB5GB177938,MERCEDES-BENZ,E350W4,BLACK,0.00,0.00,0.00,2016,10,,U,,,08/11/15,"59,811.00"
160010L,WDDHF8JB9GB173424,MERCEDES-BENZ,E350W4,IRIDIUM SILVER,0.00,0.00,0.00,2016,10,,U,,,06/16/15,"62,994.00"
160013L,WDDHF8JB0GB176180,MERCEDES-BENZ,E350W4,BLACK,0.00,0.00,0.00,2016,10,,U,,,06/16/15,"57,335.00"
160015L,WDDHF8JB2GB177363,MERCEDES-BENZ,E350W4,BLACK,0.00,0.00,0.00,2016,10,,U,,,07/14/15,"58,441.00"
160034L,WDDHF8JB1GB168797,MERCEDES-BENZ,E350W4,BLACK,0.00,0.00,0.00,2016,10,,U,,,06/16/15,"59,820.00"
160039L,WDDHF8JBXGB175506,MERCEDES-BENZ,E350W4,BLACK,0.00,0.00,0.00,2016,10,,U,,,08/04/15,"59,745.00"
160056L,WDDHF9HB0GB179110,MERCEDES-BENZ,E250D4,BLACK,0.00,0.00,0.00,2016,10,,U,,,07/30/15,"56,906.00"
160060L,WDDHF8JBXGB185940,MERCEDES-BENZ,E350W4,BLACK,0.00,0.00,0.00,2016,10,,U,,,10/15/15,"62,250.00"
160072L,WDDHF8JB5GB190589,MERCEDES-BENZ,E350W4,SIL,0.00,0.00,0.00,2016,10,,U,,,06/17/15,"58,004.00"
160095L,WDDHF8JB8GB192711,MERCEDES-BENZ,E350W4,BLACK,0.00,0.00,0.00,2016,10,,U,,,07/10/15,"57,260.00"
160102L,WDDHF8JBXGB196033,MERCEDES-BENZ,E350W4,BK,0.00,0.00,0.00,2016,10,,U,,,07/08/15,"58,571.00"
160103L,WDDHF9HB1GB202295,MERCEDES-BENZ,E250D4,BLACK,0.00,0.00,0.00,2016,10,,U,,,08/11/15,"57,046.00"
160124L,WDDHF8JB4GB199977,MERCEDES-BENZ,E350W4,BLACK,0.00,0.00,0.00,2016,10,,U,,,07/21/15,"57,455.00"
160127L,WDDHF9HB8GB197628,MERCEDES-BENZ,E250D4,BLACK,0.00,0.00,0.00,2016,10,,U,,,10/15/15,"56,971.00"
160144L,WDDHF6HB9GB223782,MERCEDES-BENZ,E400W4,BLACK,0.00,0.00,0.00,2016,10,,U,,,08/11/15,"66,883.00"
160146L,WDDHF8JB2GB225072,MERCEDES-BENZ,E350W4,GREY,0.00,0.00,0.00,2016,10,,U,,,08/11/15,"60,954.00"
160154L,WDDHF8JB9GB218829,MERCEDES-BENZ,E350W4,SILVER,0.00,0.00,0.00,2016,10,,U,,,08/11/15,"60,944.00"
160164L,WDDHF8JB5GB230279,MERCEDES-BENZ,E350W4,BLACK,0.00,0.00,0.00,2016,10,,U,,,08/11/15,"57,455.00"
160264T,4JGDF7DE0GA638294,MERCEDES-BENZ,GL550,BLACK,"96,830.00","96,830.00",0.00,2016,10,,N,,,08/18/15,"86,612.00"
160268T,4JGDF7DE3GA639794,MERCEDES-BENZ,GL550,BLACK,"101,205.00","101,205.00",0.00,2016,10,,N,,,08/18/15,"90,410.00"
160271L,55SWF4KB1GU098660,MERCEDES-BENZ,C300W4,SIL,0.00,0.00,0.00,2016,10,,U,,,09/21/15,"44,246.00"
160275L,55SWF4KB1GU098657,MERCEDES-BENZ,C300W4,WHT,0.00,0.00,0.00,2016,10,,U,,,10/15/15,"47,807.00"
160282L,55SWF4KB2GU098778,MERCEDES-BENZ,C300W4,WHT,0.00,0.00,0.00,2016,10,,U,,,10/07/15,"45,613.00"
160284L,55SWF4KB7GU098985,MERCEDES-BENZ,C300W4,SIL,0.00,0.00,0.00,2016,10,,U,,,09/21/15,"48,476.00"
160290T,4JGDA5GB2GA633277,MERCEDES-BENZ,GLE400W4,BLACK,"71,065.00","71,065.00",0.00,2016,12,,N,,Automatic,08/20/15,"71,535.00"
160312L,55SWF4KB5GU099309,MERCEDES-BENZ,C300W4,SIL,0.00,0.00,0.00,2016,10,,U,,,09/21/15,"48,165.00"
160317T,4JGDF6EE6GA641502,MERCEDES-BENZ,GL450W4,BLACK,"77,000.00","77,000.00",0.00,2016,10,,N,,,08/25/15,"68,987.00"
160324L,55SWF4KB1GU098500,MERCEDES-BENZ,C300W4,WHT,0.00,0.00,0.00,2016,10,,U,,,09/21/15,"42,545.00"
160348C,WDZPE7CD2GP175939,MERCEDES-BENZ,2500 CARGO 144,BLACK,"52,545.00","52,545.00",0.00,2016,5,,N,,,08/28/15,"46,642.00"
160373L,55SWF4KB7GU097545,MERCEDES-BENZ,C300W4,WHT,0.00,0.00,0.00,2016,10,,U,,,10/07/15,"47,882.00"
160404L,55SWF4KB0GU098407,MERCEDES-BENZ,C300W4,BLACK,0.00,0.00,0.00,2016,10,,U,,,10/15/15,"44,232.00"
160425T,4JGDF6EE8GA628072,MERCEDES-BENZ,GL450W4,POLAR WHITE,"77,000.00","77,000.00",0.00,2016,10,,N,,,09/14/15,"69,052.00"
160445T,4JGDF6EE9GA625570,MERCEDES-BENZ,GL450W4,POLAR WHITE,"78,610.00","78,610.00",0.00,2016,10,,N,,,09/17/15,"70,506.00"
160448L,55SWF4KBXGU106626,MERCEDES-BENZ,C300W4,WHT,0.00,0.00,0.00,2016,10,,U,,,10/15/15,"46,431.00"
160455C,WD4PE7CD7GP185100,MERCEDES-BENZ,2500 CARGO 144,STEEL BLUE,"44,377.00","44,377.00",0.00,2016,5,,N,,,09/21/15,"39,425.00"
160458L,55SWF4KB1GU107258,MERCEDES-BENZ,C300W4,BLACK,0.00,0.00,0.00,2016,10,,U,,,10/15/15,"42,415.00"
160465C,WD3PE7DD8GP178935,MERCEDES-BENZ,2500 CARGO 144,ARCTIC WHITE,"39,303.00","39,303.00",0.00,2016,4,,N,,,09/22/15,"34,936.00"
160468T,4JGDF6EE3GA657270,MERCEDES-BENZ,GL450W4,BLACK,"77,000.00","77,000.00",0.00,2016,10,,N,,,09/23/15,"72,562.00"
160483C,WD3PE7DDXGP180007,MERCEDES-BENZ,2500 CARGO 144,ARCTIC WHITE,"39,303.00","39,303.00",0.00,2016,4,,N,,,09/23/15,"34,933.00"
160484T,WDDYJ7JA7GA005027,MERCEDES-BENZ,GTS,DESIGNO DIAMOND WHT,"159,325.00","159,325.00",0.00,2016,10,,N,,,09/23/15,"141,924.00"
160485T,4JGDF6EE8GA620327,MERCEDES-BENZ,GL450W4,STEEL GREY,"79,330.00","79,330.00",0.00,2016,10,,N,,,09/24/15,"71,048.00"
160557C,WD3PG2EAXG3077985,MERCEDES-BENZ,METRIS CARGO,ARCTIC WHITE,"33,350.00","33,350.00",0.00,2016,10,,N,,,10/05/15,"29,665.00"
160558C,WD4PG2EE5G3082719,MERCEDES-BENZ,METRIS PASS VAN,ARCTIC WHITE,"40,040.00","40,040.00",0.00,2016,10,,N,,,10/05/15,"37,343.00"
160585T,4JGED6EB7GA010189,MERCEDES-BENZ,GLE450C4,BLACK,"74,125.00","74,125.00",0.00,2016,20,,N,,,10/06/15,"66,508.00"
160587C,WD3PE7CD8GP182033,MERCEDES-BENZ,2500 CARGO 144,GRAPHITE GY METALLIC,"43,250.00","43,250.00",0.00,2016,5,,N,,,10/06/15,"38,426.00"
160590T,4JGDA5HB8GA624095,MERCEDES-BENZ,GLE350W4,POLAR WHITE,"62,120.00","62,120.00",0.00,2016,45,,N,,,10/06/15,"56,245.00"
160594T,4JGDF2EE4GA665354,MERCEDES-BENZ,GL350D4,POLAR WHITE,"75,350.00","75,350.00",0.00,2016,10,,N,,,10/07/15,"67,621.00"
160603T,4JGDF6EE3GA660377,MERCEDES-BENZ,GL450W4,BLACK,"74,545.00","74,545.00",0.00,2016,10,,N,,,10/07/15,"66,892.00"
160626T,4JGDA5HB5GA640898,MERCEDES-BENZ,GLE350W4,POLAR WHITE,"59,445.00","59,445.00",0.00,2016,10,,N,,,10/13/15,"53,519.00"
160627T,4JGDF6EE3GA666650,MERCEDES-BENZ,GL450W4,POLAR WHITE,"77,000.00","77,000.00",0.00,2016,10,,N,,,10/13/15,"69,082.00"
160629T,4JGDF6EE4GA666379,MERCEDES-BENZ,GL450W4,BLACK,"77,000.00","77,000.00",0.00,2016,10,,N,,,10/13/15,"69,517.00"
160632T,4JGED6EB0GA015251,MERCEDES-BENZ,GLE450C4,BLACK,"72,250.00","72,250.00",0.00,2016,10,,N,,,10/13/15,"64,859.00"
160646T,4JGDF6EE1GA668171,MERCEDES-BENZ,GL450W4,POLAR WHITE,"77,000.00","77,000.00",0.00,2016,10,,N,,,10/14/15,"69,082.00"
160647T,4JGDF6EE3GA669337,MERCEDES-BENZ,GL450W4,BLACK,"77,000.00","77,000.00",0.00,2016,10,,N,,,10/14/15,"68,987.00"
160653T,4JGED6EB1GA015369,MERCEDES-BENZ,GLE450C4,BLACK,"73,870.00","73,870.00",0.00,2016,10,,N,,,10/15/15,"66,282.00"
160674T,4JGDA5HB4GA674136,MERCEDES-BENZ,GLE350W4,PALLADIUM SILVER,"61,580.00","61,580.00",0.00,2016,20,,N,,,10/20/15,"55,541.00"
160677C,WDZPE7CD7GP193479,MERCEDES-BENZ,2500 CARGO 144,BLACK,"53,136.00","53,136.00",0.00,2016,5,,N,,,10/21/15,"47,165.00"
160679T,4JGDF6EE7GA668420,MERCEDES-BENZ,GL450W4,STEEL GREY,"81,170.00","81,170.00",0.00,2016,10,,N,,,10/21/15,"72,675.00"
160681T,4JGED6EB0GA015220,MERCEDES-BENZ,GLE450C4,POLAR WHITE,"74,700.00","74,700.00",0.00,2016,10,,N,,,10/21/15,"66,951.00"
160682T,4JGED6EB6GA015948,MERCEDES-BENZ,GLE450C4,BLACK,"73,870.00","73,870.00",0.00,2016,10,,N,,,10/21/15,"66,217.00"
160686C,WD3PF4CC0GP190629,MERCEDES-BENZ,3500 CARGO 170E,ARCTIC WHITE,"49,965.00","49,965.00",0.00,2016,5,,N,,,10/21/15,"44,371.00"
160687T,WDCTG4GB4GJ194893,MERCEDES-BENZ,GLA250W4,NIGHT BLACK,"39,895.00","39,895.00",0.00,2016,10,,N,,,10/22/15,"36,225.00"
160689T,WDCTG4GB8GJ197912,MERCEDES-BENZ,GLA250W4,MOUNTAIN GREY,"45,420.00","45,420.00",0.00,2016,10,,N,,,10/22/15,"41,040.00"
160696T,4JGDA5HB5GA670922,MERCEDES-BENZ,GLE350W4,DESIGNO DIAMOND WHT,"68,275.00","68,275.00",0.00,2016,10,,N,,,10/23/15,"61,513.00"
160699T,WDCTG4GB3GJ189510,MERCEDES-BENZ,GLA250W4,MOUNTAIN GREY,"44,070.00","44,070.00",0.00,2016,10,,N,,,10/26/15,"39,845.00"
160700T,WDCYC7DF7GX244600,MERCEDES-BENZ,G63W4,BLACK,"146,025.00","146,025.00",0.00,2016,10,,N,,,10/26/15,"130,152.00"
160711T,4JGDA5HB5GA671603,MERCEDES-BENZ,GLE350W4,BLACK,"62,410.00","62,410.00",0.00,2016,10,,N,,,10/26/15,"56,150.00"
160723T,4JGDA5HB7GA633872,MERCEDES-BENZ,GLE350W4,POLAR WHITE,"62,120.00","62,120.00",0.00,2016,20,,N,,,10/28/15,"56,245.00"
160724T,4JGDA5HB3GA642245,MERCEDES-BENZ,GLE350W4,BLACK,"59,445.00","59,445.00",0.00,2016,20,,N,,,10/28/15,"53,654.00"
160725C,WD4PE7DD7GP181076,MERCEDES-BENZ,2500 CREW 144,ARCTIC WHITE,"46,566.00","46,566.00",0.00,2016,30,,N,,Automatic,10/28/15,"41,660.00"
16E400A,66666666666666666,MERCEDES-BENZ,E400A,,"76,320.00","76,320.00",0.00,2016,10,,N,,,07/30/15,"69,999.00"
16GL450,11111111111111111,MERCEDES-BENZ,GL450W4,,"79,240.00","79,240.00",0.00,2015,10,,N,,,07/25/15,"73,000.00"
GL450W4,22222222222222222,MERCEDES-BENZ,GL450W4,,"74,015.00","74,015.00",0.00,2015,10,,N,,,08/05/15,"68,000.00"
IN-BOUN,WDCGG8HB0CF868641,MERCEDES-BENZ,GLK350W4,,0.00,0.00,0.00,2012,10,,N,,Automatic,04/18/12,0.00
U093263,11111111111111111,MERCEDES-BENZ,C300,,0.00,0.00,0.00,2015,22,,U,,,07/31/15,750.00
U9100PT,WDDNG7BB1BA366724,MERCEDES-BENZ,S550V,,0.00,0.00,0.00,2011,44445,,U,,,03/30/15,"33,250.00"
U999911,WDDNG86X98A166890,MERCEDES-BENZ,S550V4,,0.00,0.00,0.00,2008,86804,,U,,,10/22/15,"12,750.00"
14C300W4,22222222222222222,MERCEDES-BENZ,C300W4,,"47,340.00","47,340.00",0.00,2015,10,,N,,,07/09/15,"43,800.00"
150143TL,4JGDA5HBXFA444910,MERCEDES-BENZ,ML350W4,GRY,"57,050.00","57,050.00",0.00,2015,2886,,N,,Automatic,12/12/14,"49,871.00"
150807TL,4JGDA0EB9FA469692,MERCEDES-BENZ,ML250BTC,SIL,0.00,0.00,0.00,2015,10,,U,,,01/02/15,"51,686.00"
150947TL,4JGDA5GB1FA509306,MERCEDES-BENZ,ML400W4,BLACK,0.00,0.00,0.00,2015,10,,U,,,02/20/15,"64,747.00"
151061TL,4JGDF2EE6FA513736,MERCEDES-BENZ,GL350BTC,BK,"74,240.00","74,240.00",0.00,2015,7000,,U,,,01/16/15,"67,981.00"
151096TL,4JGDA0EBXFA519323,MERCEDES-BENZ,ML250BTC,SILVER,0.00,0.00,0.00,2015,10,,U,,,04/07/15,"55,318.00"
151481TL,4JGDA5HB2FA535766,MERCEDES-BENZ,ML350W4,GRY,0.00,0.00,0.00,2015,10,,U,,Automatic,05/13/15,"54,059.00"
151487TL,4JGDA5HB8FA535805,MERCEDES-BENZ,ML350W4,WHT,0.00,0.00,0.00,2015,10,,U,,Automatic,01/22/15,"59,612.00"
151532TL,4JGDA0EB4FA539065,MERCEDES-BENZ,ML250BTC,WHT,0.00,0.00,0.00,2015,10,,U,,,03/26/15,"53,348.00"
151580TL,4JGDA0EB3FA543415,MERCEDES-BENZ,ML250BTC,BLACK,0.00,0.00,0.00,2015,10,,U,,,04/23/15,"56,224.00"
151644TL,4JGDA5HB4FA545117,MERCEDES-BENZ,ML350W4,BLACK,0.00,0.00,0.00,2015,10,,U,,Automatic,06/24/15,"56,996.00"
151659TL,4JGDA5HBXFA548345,MERCEDES-BENZ,ML350W4,POLAR WHITE,0.00,0.00,0.00,2015,10,,U,,Automatic,06/22/15,"56,996.00"
151696TL,4JGDA5HB6FA548553,MERCEDES-BENZ,ML350W4,BLACK,0.00,0.00,0.00,2015,10,,U,,Automatic,05/21/15,"56,996.00"
151810TL,4JGDF2EE0FA556906,MERCEDES-BENZ,GL350BTC,BLACK,0.00,0.00,0.00,2015,3926,,U,,,05/15/15,"67,791.00"
151836TL,4JGDA5HB9FA558929,MERCEDES-BENZ,ML350W4,BLACK,0.00,0.00,0.00,2015,10,,U,,Automatic,04/15/15,"53,338.00"
152261TL,4JGDA5HB7FA589824,MERCEDES-BENZ,ML350W4,GREY,0.00,0.00,0.00,2015,10,,U,,Automatic,07/10/15,"57,813.00"
152295TL,4JGDA5HB5FA588669,MERCEDES-BENZ,ML350W4,PALLADIUM SILVER,0.00,0.00,0.00,2015,10,,U,,Automatic,06/17/15,"57,813.00"
152301TL,4JGDA5HB5FA590891,MERCEDES-BENZ,ML350W4,PALLADIUM SILVER,0.00,0.00,0.00,2015,10,,U,,Automatic,06/17/15,"57,813.00"
152494TL,4JGDA5HB0FA604499,MERCEDES-BENZ,ML350W4,BLACK,"60,345.00","60,345.00",0.00,2015,10,,N,,Automatic,06/24/15,"52,239.00"
152686TL,4JGDA5HB5FA615546,MERCEDES-BENZ,ML350W4,GREY,0.00,0.00,0.00,2015,10,,U,,Automatic,06/26/15,"57,813.00"
152688TL,4JGDA5HB6FA617189,MERCEDES-BENZ,ML350W4,SIL,0.00,0.00,0.00,2015,10,,U,,Automatic,07/09/15,"54,082.00"
15543G2Z,33333333333333333,MERCEDES-BENZ,S550C4,,"137,000.00","137,000.00",0.00,2016,10,,N,,,08/04/15,"130,000.00"
15C300W4,11111111111111111,MERCEDES-BENZ,C3004M,,"52,275.00","52,275.00",0.00,2015,10,,N,,,07/24/15,"47,200.00"
15E350W4,11111111111111111,MERCEDES-BENZ,E350W4,,"60,745.00","60,745.00",0.00,2015,5800,,N,,,07/14/15,"56,000.00"
15G63AMG,33333333333333333,MERCEDES-BENZ,G63,,"143,275.00","143,275.00",0.00,2015,10,,N,,,07/06/15,"133,311.00"
15GLA250,33333333333333333,MERCEDES-BENZ,GLA250W4,,"35,780.00","35,780.00",0.00,2015,10,,N,,,09/03/15,"31,980.00"
15S550V4,22222222222222222,MERCEDES-BENZ,S550V4,,"107,745.00","107,745.00",0.00,2015,10,,N,,,06/30/15,"99,900.00"
160251TL,4JGDA0EB3GA619930,MERCEDES-BENZ,GLE300D4,GREY,0.00,0.00,0.00,2016,10,,U,,,09/15/15,"57,522.00"
160252TL,4JGDA0EB4GA619760,MERCEDES-BENZ,GLE300D4,BLACK,0.00,0.00,0.00,2016,10,,U,,,09/21/15,"55,371.00"
160278TL,4JGDA5HB7GA621141,MERCEDES-BENZ,GLE350W4,WHITE,0.00,0.00,0.00,2016,10,,U,,,09/15/15,"57,057.00"
160320TL,4JGDA5HB7GA643687,MERCEDES-BENZ,GLE350W4,GRY,0.00,0.00,0.00,2016,10,,U,,,09/21/15,"56,425.00"
160364TL,4JGDF6EE0GA645965,MERCEDES-BENZ,GL450W4,BLACK,0.00,0.00,0.00,2016,10,,U,,,09/21/15,"72,487.00"
16E350S4,99999999999999999,MERCEDES-BENZ,E350S4,,"69,020.00","69,020.00",0.00,2016,10,,N,,,07/16/15,"63,500.00"
4F069527,WDBSK74F44F069527,MERCEDES-BENZ,SL55,BLACK,0.00,0.00,0.00,2004,25283,,U,,,08/20/14,"21,750.00"
4R248884,1GYEK63N04R248884,CADILLAC,ESCALADE,DESIGNO MYSTIC WHITE,0.00,0.00,0.00,2004,123427,,U,,,03/31/14,"6,950.00"
8A189102,WDDNG77X68A189102,MERCEDES-BENZ,S63AMG,,0.00,0.00,0.00,2008,74822,,U,,Automatic,08/20/14,"32,750.00"
AA608879,4JGBF8GEXAA608879,MERCEDES-BENZ,GL550,STEEL GREY,0.00,0.00,0.00,2010,8913,,U,,,11/14/14,"52,750.00"
ABABBABA,WDDGF81X99F196754,MERCEDES-BENZ,C3004M,,0.00,0.00,0.00,2009,0,,U,,,08/13/15,"8,750.00"
DA140756,4JGDF7CE2DA140756,MERCEDES-BENZ,GL450,,0.00,0.00,0.00,2013,3995,,N,,,05/16/13,0.00
DA176066,4JGDA5HB1DA176066,MERCEDES-BENZ,ML350W4,,"55,595.00","55,595.00",0.00,2013,10,,N,,Automatic,01/07/13,"52,542.00"
DA179212,4JGDF7CE3DA179212,MERCEDES-BENZ,GL450,,"71,490.00","71,490.00",0.00,2013,10,,N,,,01/17/13,"67,500.00"
DA525248,WDDNG9EBXDA525248,MERCEDES-BENZ,S550V4,,"100,485.00","100,485.00",0.00,2013,10,,N,,Automatic,02/19/13,"93,588.00"
DA527659,WDDNG9EB8DA527659,MERCEDES-BENZ,S550V4,,"98,905.00","98,905.00",0.00,2013,10,,N,,Automatic,02/21/13,"91,075.00"
DA748344,WDDHF8JB3DA748344,MERCEDES-BENZ,E350W4,,"60,625.00","60,625.00",0.00,2013,10,,N,,,01/07/13,"55,625.00"
DA751978,WDDHF8JB4DA751978,MERCEDES-BENZ,E350W4,,"59,775.00","59,775.00",0.00,2013,10,,N,,,01/08/13,"54,140.00"
DA752667,WDDHF8JB3DA752667,MERCEDES-BENZ,E350W4,,"61,365.00","61,365.00",0.00,2013,10,,N,,,01/24/13,"56,998.00"
DF015823,WDDJK7EA5DF015823,MERCEDES-BENZ,SL63,BLACK,0.00,0.00,0.00,2013,0,,U,,,09/09/15,"101,750.00"
DG073104,WDCGG8JB1DG073104,MERCEDES-BENZ,GLK350W4,,0.00,0.00,0.00,2013,10,,N,,,02/18/13,0.00
DG081397,WDDGJ8JB9DG081397,MERCEDES-BENZ,C350C4,,"49,885.00","49,885.00",0.00,2013,10,,N,,Automatic,02/18/13,"46,924.00"
DR265233,WDDGF8AB4DR265233,MERCEDES-BENZ,C300W4,,"44,500.00","44,500.00",0.00,2013,10,,N,,,01/02/13,"39,561.00"
DX202925,WDCYC7DF7DX202925,MERCEDES-BENZ,G63,,"135,205.00","135,205.00",0.00,2013,10,,N,,,01/31/13,"125,804.00"
EA325474,SALWR2WF0EA325474,LAND ROVER,RRV,,0.00,0.00,0.00,2014,10,,N,,,08/04/15,0.00
EC132953,1C4RJFAG1EC132953,JEEP,G CHEROKEE  SUV,,0.00,0.00,0.00,2014,28851,,N,,Automatic,06/20/15,0.00
FA136744,WDDLJ9BB0CA025739,MERCEDES-BENZ,CL550C4,,0.00,0.00,0.00,2012,22234,,U,,,06/18/15,37.00
FA200860,WDDUG8FB0FA200860,MERCEDES-BENZ,S550V4,,0.00,0.00,0.00,2015,10,,N,,,08/07/15,0.00
FA515620,4JGDF6EE9FA515620,MERCEDES-BENZ,GL450W4,POLAR WHITE,"76,625.00","76,625.00",0.00,2015,10,,N,,,03/02/15,"68,901.00"
FA605350,4JGDF6EE7FA605350,MERCEDES-BENZ,GL450W4,,"79,450.00","79,450.00",0.00,2015,10,,N,,,05/30/15,"71,163.00"
FA608439,4JGDF6EE5FA608439,MERCEDES-BENZ,GL450W4,BLACK,"75,775.00","75,775.00",0.00,2015,10,,N,,,06/27/15,"67,902.00"
FB147862,WDDHF8JB4FB147862,MERCEDES-BENZ,E350W4,PALLADIUM SILVER,"62,015.00","62,015.00",0.00,2015,10,,N,,,02/28/15,"55,803.00"
FJ147888,WDCTG4GB9FJ147888,MERCEDES-BENZ,GLA250W4,,"43,385.00","43,385.00",0.00,2015,10,,N,,,07/31/15,"39,321.00"
FR192418,1GKS2JKJ6FR192418,GMC,YUKON DENALI,,0.00,0.00,0.00,2015,12651,,N,,,07/30/15,0.00
FU077963,55SWF4KB4FU077963,MERCEDES-BENZ,C300W4,,"47,560.00","47,560.00",0.00,2015,10,,N,,,06/10/15,"43,119.00"
FU082765,55SWF4KB3FU082765,MERCEDES-BENZ,C300W4,POLAR WHITE,"51,820.00","51,820.00",0.00,2015,10,,N,,,06/27/15,"46,848.00"
FU093263,55SWF4KB1FU093263,MERCEDES-BENZ,C300W4,,0.00,0.00,0.00,2015,10,,N,,,08/11/15,65.00
GA635069,4JGDF6EEXGA635069,MERCEDES-BENZ,GL450W4,,"76,115.00","76,115.00",0.00,2016,10,,N,,,07/29/15,75.00
INCOMING,WDDGF8BBXCR226482,MERCEDES-BENZ,C300W4,,0.00,0.00,0.00,2012,10,,N,,Automatic,04/11/12,75.00
111111111,11111111111111111,MERCEDES-BENZ,SPRINTER VAN,,0.00,0.00,0.00,2015,42,,N,,Automatic,08/03/15,0.00
151415141,WDBSK71F09F152691,MERCEDES-BENZ,SL550,,0.00,0.00,0.00,2009,3,,U,,,01/31/15,"35,750.00"
15CLA250C,33333333333333333,MERCEDES-BENZ,CLA250C4,,"36,650.00","36,650.00",0.00,2015,10,,N,,,07/14/15,"34,150.00"
15GL450W4,11111111111111111,MERCEDES-BENZ,GL450W4,,"79,355.00","79,355.00",0.00,2014,10,,N,,,07/09/15,"72,000.00"
15GLK350W,55555555555555555,MERCEDES-BENZ,GLK350W4,,0.00,0.00,0.00,2015,10,,N,,,08/06/15,0.00
15ML350W4,44444444444444444,MERCEDES-BENZ,ML350W4,,"60,345.00","60,345.00",0.00,2013,10,,N,,,07/23/15,"55,000.00"
15SPRINTE,88888888888888888,MERCEDES-BENZ,2500 CREW 144,,"45,180.00","45,180.00",0.00,2015,10,,N,,,06/30/15,"42,088.00"
2323UUU66,1GBJG31K691132502,CHEVROLET,3500 HD EX CAB,,0.00,0.00,0.00,2009,150000,,U,,,08/18/15,"2,750.00"
PRE-TRADE,SCFAC24385B501565,ASTON MARTIN,VANQUISH S,BK,0.00,0.00,0.00,2005,6000,,U,,,08/23/12,"93,250.00"
U11111111,ZAM39JKA8A0053637,MASERATI,,BLACK,0.00,0.00,0.00,2010,12000,,U,,,03/26/15,"67,425.00"